booking_id,location_id,booking_date,booking_time,status,entry_fee_inr,visit_duration_min,wait_time_min,surge_multiplier
2090,1,2021-05-27,08:00:00,Completed,30,68,28,2.5
2091,2,2020-01-31,12:00:00,Cancelled,500,144,25,1.4
2092,3,2020-05-01,13:00:00,No-Show,30,45,28,1.8
2093,4,2022-03-03,08:00:00,Completed,100,115,42,1.3
2094,5,2019-05-07,08:00:00,Completed,50,169,8,2.3
2095,6,2020-05-08,18:00:00,Cancelled,0,127,5,2.3
2096,7,2019-02-19,18:00:00,Completed,30,135,33,1.3
2097,8,2021-02-03,12:00:00,Completed,50,38,14,1.6
2098,9,2021-06-13,17:00:00,Completed,30,179,11,1.5
2099,10,2022-06-13,10:00:00,Completed,50,175,40,2.2
2100,11,2022-05-08,18:00:00,Completed,500,176,18,1.1
2101,12,2019-01-19,15:00:00,Completed,500,153,22,2.4
2102,13,2021-04-19,12:00:00,Cancelled,50,123,17,2.0
2103,14,2020-03-07,12:00:00,Completed,30,143,43,1.4
2104,15,2022-04-06,08:00:00,Completed,100,149,39,1.2
2105,16,2020-01-15,15:00:00,Completed,30,49,11,2.1
2106,17,2019-01-02,17:00:00,Cancelled,200,106,32,2.0
2107,18,2021-03-27,15:00:00,Completed,500,46,35,1.5
2108,19,2022-01-24,10:00:00,Completed,500,37,29,1.7
2109,20,2022-02-20,12:00:00,Completed,100,163,9,1.4
2110,21,2021-03-16,15:00:00,No-Show,50,57,34,2.5
2111,22,2019-03-27,10:00:00,Completed,0,107,9,1.5
2112,23,2022-05-08,15:00:00,Cancelled,200,140,42,2.3
2113,24,2020-02-15,14:00:00,Completed,100,119,15,1.7
2114,25,2020-03-23,13:00:00,Completed,50,70,23,1.6
2115,26,2020-05-13,09:00:00,Cancelled,500,35,7,1.1
2116,27,2019-02-27,15:00:00,Completed,200,56,22,1.8
2117,28,2021-06-23,17:00:00,Cancelled,0,117,9,2.0
2118,29,2021-06-17,18:00:00,Completed,200,77,38,1.8
2119,30,2019-06-03,10:00:00,Cancelled,50,120,20,2.4
2120,31,2019-03-28,18:00:00,No-Show,50,124,15,1.6
2121,32,2019-02-17,11:00:00,Completed,500,91,5,1.4
2122,33,2020-01-21,15:00:00,Completed,100,91,31,2.1
2123,34,2022-01-16,14:00:00,Completed,200,111,36,2.5
2124,35,2020-01-25,11:00:00,Completed,500,137,8,2.1
2125,36,2019-03-01,18:00:00,No-Show,500,58,14,1.6
2126,37,2019-02-05,10:00:00,No-Show,500,120,12,1.5
2127,38,2022-05-03,13:00:00,No-Show,0,137,5,2.3
2128,39,2022-02-25,15:00:00,No-Show,0,94,42,2.2
2129,40,2020-01-16,08:00:00,Completed,30,34,24,1.6
2130,41,2021-05-29,13:00:00,Completed,500,144,16,1.5
2131,42,2019-04-05,14:00:00,No-Show,50,144,29,1.1
2132,43,2022-04-15,09:00:00,Cancelled,30,114,8,1.8
2133,44,2022-06-04,17:00:00,Completed,100,63,32,1.9
2134,45,2022-03-31,19:00:00,No-Show,50,153,29,2.0
2135,46,2022-02-20,12:00:00,Completed,350,100,24,1.7
2136,47,2020-05-10,14:00:00,Completed,30,101,8,1.4
2137,48,2020-03-16,13:00:00,Completed,50,116,34,2.2
2138,49,2021-01-18,17:00:00,Completed,0,152,37,2.0
2139,50,2020-04-28,08:00:00,No-Show,0,174,43,1.8
2140,51,2019-06-24,16:00:00,Cancelled,200,65,38,1.8
2141,52,2020-03-28,10:00:00,Cancelled,0,147,22,1.0
2142,53,2021-01-07,15:00:00,Completed,200,66,33,2.2
2143,54,2020-04-27,14:00:00,Completed,50,102,6,1.7
2144,55,2020-05-23,18:00:00,Completed,50,177,24,2.3
2145,56,2022-06-29,08:00:00,Completed,30,177,11,2.3
2146,57,2021-04-09,10:00:00,Completed,350,34,35,2.5
2147,58,2021-04-04,17:00:00,Completed,50,150,11,2.3
2148,59,2020-03-19,09:00:00,Completed,30,140,28,2.1
2149,60,2021-05-10,08:00:00,Completed,50,76,44,1.7
2150,61,2019-01-28,19:00:00,No-Show,500,90,27,2.3
2151,62,2020-03-01,18:00:00,No-Show,200,118,20,1.9
2152,63,2020-03-03,13:00:00,No-Show,100,150,36,1.0
2153,64,2022-03-31,15:00:00,Completed,100,150,5,1.5
2154,65,2020-01-13,19:00:00,No-Show,0,136,44,1.3
2155,66,2021-02-18,08:00:00,No-Show,30,155,17,2.2
2156,67,2022-04-19,14:00:00,Cancelled,30,129,15,2.3
2157,68,2020-04-30,10:00:00,Completed,50,140,17,2.4
2158,69,2021-06-26,14:00:00,Completed,200,116,11,1.4
2159,70,2019-04-05,08:00:00,Cancelled,200,169,18,1.1
2160,71,2021-04-15,18:00:00,Completed,200,118,36,1.2
2161,72,2019-01-30,12:00:00,Completed,30,164,19,2.1
2162,73,2019-06-15,19:00:00,Completed,100,177,26,2.3
2163,74,2020-03-28,10:00:00,Completed,200,40,35,2.3
2164,75,2019-01-01,12:00:00,Completed,30,96,38,1.2
2165,76,2019-04-08,08:00:00,Completed,200,62,31,2.2
2166,77,2019-02-22,15:00:00,Completed,350,95,27,1.0
2167,78,2021-06-02,08:00:00,Completed,500,179,16,2.3
2168,79,2021-01-11,18:00:00,Completed,500,68,31,2.3
2169,80,2020-02-05,12:00:00,Completed,30,97,7,1.3
2170,81,2020-06-12,14:00:00,No-Show,100,78,14,1.4
2171,82,2022-06-11,18:00:00,No-Show,0,107,30,1.3
2172,83,2020-06-25,19:00:00,No-Show,0,144,6,1.3
2173,84,2019-04-27,08:00:00,Cancelled,30,169,25,1.8
2174,85,2022-06-16,15:00:00,Completed,350,162,42,1.6
2175,86,2019-05-12,18:00:00,Completed,500,137,28,1.7
2176,87,2020-02-25,12:00:00,Cancelled,0,160,18,1.6
2177,88,2021-01-17,13:00:00,Completed,0,127,25,2.4
2178,89,2021-03-05,13:00:00,No-Show,50,32,36,1.1
2179,90,2022-05-08,11:00:00,No-Show,500,81,21,1.8
2180,91,2020-03-31,15:00:00,Completed,350,177,16,1.5
2181,92,2019-01-10,12:00:00,Completed,200,88,14,1.7
2182,93,2019-05-01,18:00:00,Completed,30,63,12,1.9
2183,94,2022-05-29,18:00:00,Completed,30,62,19,2.5
2184,95,2019-06-17,15:00:00,Completed,0,130,8,1.4
2185,96,2020-05-06,17:00:00,No-Show,30,121,15,2.5
2186,97,2021-03-01,19:00:00,Cancelled,0,164,42,1.8
2187,98,2022-01-20,18:00:00,Cancelled,30,167,18,2.4
2188,99,2021-04-22,09:00:00,Completed,30,84,39,2.3
2189,100,2019-04-30,08:00:00,Cancelled,0,105,41,1.9
2190,101,2021-05-31,15:00:00,Completed,500,131,17,1.6
2191,102,2021-01-05,18:00:00,Completed,100,68,42,1.8
2192,103,2022-04-10,10:00:00,Cancelled,200,96,11,1.6
2193,104,2022-06-03,09:00:00,Completed,100,120,28,1.9
2194,105,2021-03-18,18:00:00,Completed,500,76,25,1.3
2195,106,2022-04-20,16:00:00,Completed,200,47,16,1.4
2196,107,2020-05-31,10:00:00,Completed,30,171,28,1.6
2197,108,2019-05-24,11:00:00,Completed,0,40,43,1.0
2198,109,2019-03-17,16:00:00,Cancelled,0,162,19,1.7
2199,110,2021-02-02,15:00:00,Cancelled,200,99,34,2.2
2200,111,2022-06-04,13:00:00,Completed,350,106,40,2.3
2201,112,2021-06-29,16:00:00,Cancelled,350,138,30,2.4
2202,113,2019-06-13,11:00:00,Completed,500,82,14,1.6
2203,114,2019-06-24,16:00:00,Completed,350,123,8,1.7
2204,115,2021-01-28,13:00:00,Completed,100,175,40,2.3
2205,116,2022-05-26,09:00:00,Completed,350,128,13,1.8
2206,117,2021-05-12,17:00:00,Completed,200,170,42,1.8
2207,118,2021-01-19,12:00:00,Cancelled,0,109,5,1.9
2208,119,2021-05-31,08:00:00,Cancelled,500,66,35,2.1
2209,120,2021-03-14,17:00:00,Cancelled,500,141,25,2.4
2210,121,2021-02-07,16:00:00,No-Show,100,168,6,1.2
2211,122,2020-01-11,17:00:00,No-Show,500,118,39,1.2
2212,123,2021-06-20,09:00:00,Completed,200,118,34,1.9
2213,124,2021-03-24,10:00:00,No-Show,0,112,10,2.0
2214,125,2020-01-31,18:00:00,Completed,0,94,27,1.9
2215,126,2021-06-25,10:00:00,Cancelled,30,44,42,1.8
2216,127,2021-06-16,17:00:00,Cancelled,0,83,14,1.3
2217,128,2020-01-23,19:00:00,Completed,350,48,38,2.2
2218,129,2022-06-05,13:00:00,No-Show,200,80,7,1.6
2219,130,2020-01-10,08:00:00,Completed,500,156,7,1.1
2220,131,2021-01-31,09:00:00,No-Show,500,80,21,2.5
2221,132,2022-06-27,15:00:00,Completed,30,150,36,1.7
2222,133,2021-04-21,11:00:00,Completed,0,49,37,1.2
2223,134,2021-03-03,17:00:00,Completed,50,90,8,1.2
2224,135,2022-06-14,16:00:00,Completed,0,140,38,1.7
2225,136,2020-03-23,19:00:00,No-Show,50,70,16,1.7
2226,137,2021-05-06,08:00:00,Completed,0,176,14,1.3
2227,138,2020-04-25,19:00:00,Completed,100,62,13,1.1
2228,139,2022-03-03,10:00:00,Completed,100,108,36,1.3
2229,140,2022-05-21,17:00:00,Completed,50,125,21,1.6
2230,141,2022-01-01,08:00:00,No-Show,100,38,12,2.3
2231,142,2019-01-19,09:00:00,Completed,100,112,15,1.0
2232,143,2020-03-09,13:00:00,Completed,200,47,44,2.4
2233,144,2021-03-16,16:00:00,Cancelled,200,123,38,2.1
2234,145,2020-02-04,08:00:00,Cancelled,200,132,41,2.1
2235,146,2021-01-28,18:00:00,Completed,30,178,10,2.0
2236,147,2022-01-12,08:00:00,Completed,100,105,27,2.1
2237,148,2022-02-25,15:00:00,Completed,30,149,25,2.3
2238,149,2021-05-16,18:00:00,Completed,200,103,20,1.1
2239,150,2021-06-25,13:00:00,Cancelled,200,59,33,1.9
2240,151,2021-06-12,17:00:00,Completed,350,46,40,1.0
2241,152,2022-01-12,18:00:00,Completed,200,30,31,1.5
2242,1,2020-05-02,15:00:00,No-Show,100,174,44,1.5
2243,2,2022-04-02,10:00:00,Completed,200,138,12,1.7
2244,3,2021-04-05,19:00:00,Completed,500,49,26,2.1
2245,4,2019-04-11,08:00:00,Completed,0,127,36,1.4
2246,5,2022-03-20,19:00:00,Cancelled,50,78,21,2.1
2247,6,2020-04-29,11:00:00,Completed,200,42,16,1.7
2248,7,2020-05-19,12:00:00,Completed,100,71,28,2.1
2249,8,2022-04-12,08:00:00,Completed,350,74,17,1.3
2250,9,2019-03-23,17:00:00,Completed,100,155,20,1.5
2251,10,2022-04-20,17:00:00,Completed,100,39,39,1.4
2252,11,2021-01-18,19:00:00,Completed,350,132,20,1.4
2253,12,2022-05-10,17:00:00,Completed,350,125,11,2.2
2254,13,2021-02-24,16:00:00,Cancelled,50,118,38,1.5
2255,14,2020-02-03,10:00:00,Completed,100,154,33,1.5
2256,15,2019-03-22,12:00:00,Completed,350,167,26,2.2
2257,16,2020-06-06,10:00:00,Completed,100,33,6,2.3
2258,17,2022-01-06,17:00:00,Completed,0,122,12,1.7
2259,18,2020-06-07,10:00:00,Completed,500,62,31,1.9
2260,19,2021-02-04,12:00:00,Completed,0,148,24,1.6
2261,20,2021-06-10,08:00:00,Completed,100,128,11,2.3
2262,21,2019-04-01,13:00:00,No-Show,0,143,23,1.1
2263,22,2019-04-11,11:00:00,Completed,0,132,24,1.9
2264,23,2020-05-05,11:00:00,Cancelled,50,32,44,1.7
2265,24,2021-05-04,17:00:00,No-Show,100,72,10,2.1
2266,25,2021-06-13,10:00:00,Completed,500,43,40,2.0
2267,26,2021-04-21,19:00:00,Completed,500,176,13,1.6
2268,27,2020-03-28,12:00:00,Completed,500,136,44,1.2
2269,28,2021-03-31,08:00:00,Cancelled,30,67,32,1.5
2270,29,2022-06-13,17:00:00,Completed,100,81,11,2.0
2271,30,2019-06-21,12:00:00,No-Show,350,148,14,2.0
2272,31,2020-01-22,17:00:00,No-Show,100,153,36,1.1
2273,32,2021-05-14,12:00:00,Cancelled,200,100,20,1.1
2274,33,2022-05-14,09:00:00,Cancelled,200,155,35,1.4
2275,34,2020-02-21,15:00:00,Completed,50,45,44,1.4
2276,35,2022-06-02,16:00:00,Completed,350,136,40,1.1
2277,36,2022-04-18,14:00:00,Cancelled,30,88,18,1.8
2278,37,2019-04-10,12:00:00,Completed,350,37,39,1.2
2279,38,2022-05-11,16:00:00,Completed,500,43,5,1.7
2280,39,2021-05-06,17:00:00,Completed,30,171,25,2.1
2281,40,2019-04-26,08:00:00,Completed,350,74,17,1.5
2282,41,2022-02-18,10:00:00,Completed,50,175,40,2.1
2283,42,2021-05-28,10:00:00,Completed,50,133,5,1.6
2284,43,2022-06-04,18:00:00,Completed,100,113,24,2.0
2285,44,2020-02-23,18:00:00,No-Show,500,105,39,2.1
2286,45,2019-03-23,19:00:00,Completed,50,48,9,1.2
2287,46,2019-05-31,10:00:00,Completed,350,108,40,2.4
2288,47,2019-01-26,08:00:00,Cancelled,100,39,34,1.5
2289,48,2020-02-24,10:00:00,Completed,500,171,10,2.4
2290,49,2021-01-26,08:00:00,Completed,0,30,33,1.7
2291,50,2022-04-11,14:00:00,Completed,30,102,44,1.4
2292,51,2020-06-06,18:00:00,Completed,200,53,44,1.8
2293,52,2022-03-17,10:00:00,Completed,50,49,12,1.3
2294,53,2019-01-05,14:00:00,No-Show,500,50,36,2.2
2295,54,2022-03-11,13:00:00,Completed,500,152,17,2.5
2296,55,2019-03-14,18:00:00,Cancelled,500,61,8,1.7
2297,56,2019-04-19,12:00:00,No-Show,0,117,5,1.2
2298,57,2020-01-11,08:00:00,Completed,50,121,12,1.4
2299,58,2019-03-03,18:00:00,Completed,500,38,23,1.6
2300,59,2021-01-25,17:00:00,Completed,0,91,20,2.0
2301,60,2020-01-16,12:00:00,Cancelled,350,64,44,2.3
2302,61,2019-04-26,18:00:00,Completed,350,160,43,1.9
2303,62,2020-02-24,14:00:00,Cancelled,500,78,15,1.8
2304,63,2020-04-07,09:00:00,Completed,350,108,13,2.0
2305,64,2022-01-26,13:00:00,Completed,100,42,23,2.5
2306,65,2022-04-21,08:00:00,Completed,200,33,37,1.2
2307,66,2022-04-29,14:00:00,No-Show,50,79,39,1.0
2308,67,2021-05-29,11:00:00,No-Show,350,94,22,2.1
2309,68,2020-05-11,19:00:00,Completed,0,67,15,1.1
2310,69,2019-03-22,10:00:00,No-Show,500,86,42,1.8
2311,70,2021-03-08,16:00:00,Cancelled,0,130,13,2.0
2312,71,2020-04-22,19:00:00,Completed,30,179,41,1.0
2313,72,2021-05-20,09:00:00,Completed,30,168,17,1.6
2314,73,2022-01-07,13:00:00,Completed,350,65,39,2.3
2315,74,2021-01-11,14:00:00,Completed,500,90,43,1.3
2316,75,2020-02-14,14:00:00,Completed,50,121,7,2.2
2317,76,2020-02-20,13:00:00,Completed,350,140,7,2.2
2318,77,2021-06-03,12:00:00,Completed,50,117,42,2.5
2319,78,2019-05-24,18:00:00,No-Show,30,116,32,1.8
2320,79,2019-01-27,19:00:00,Cancelled,100,177,41,1.1
2321,80,2019-01-22,08:00:00,No-Show,100,175,13,2.0
2322,81,2022-03-09,10:00:00,No-Show,100,171,24,1.1
2323,82,2019-06-17,08:00:00,Cancelled,500,37,36,1.7
2324,83,2022-01-24,16:00:00,Completed,200,88,23,1.5
2325,84,2020-01-11,11:00:00,No-Show,50,175,34,1.6
2326,85,2019-05-02,11:00:00,Completed,500,46,8,2.3
2327,86,2022-06-13,15:00:00,Cancelled,100,172,23,1.1
2328,87,2022-03-26,19:00:00,Completed,30,137,15,2.5
2329,88,2019-05-26,12:00:00,No-Show,200,106,19,1.0
2330,89,2021-04-25,15:00:00,Completed,50,63,26,1.1
2331,90,2021-02-09,11:00:00,Cancelled,350,100,28,1.5
2332,91,2020-02-15,12:00:00,Completed,350,35,10,2.4
2333,92,2022-03-01,08:00:00,Cancelled,500,113,6,1.1
2334,93,2019-05-15,18:00:00,Completed,50,38,23,1.6
2335,94,2019-03-02,10:00:00,No-Show,30,133,27,1.6
2336,95,2021-03-30,14:00:00,Completed,100,121,24,2.2
2337,96,2019-02-01,14:00:00,Completed,0,169,29,1.3
2338,97,2020-02-27,17:00:00,No-Show,500,43,40,1.6
2339,98,2020-03-20,09:00:00,No-Show,200,163,12,2.5
2340,99,2020-05-16,16:00:00,Completed,50,37,25,1.4
2341,100,2019-06-09,12:00:00,Completed,100,107,17,1.4
2342,101,2022-01-21,16:00:00,Completed,350,45,42,1.9
2343,102,2019-01-25,13:00:00,Completed,350,115,9,1.8
2344,103,2019-03-10,16:00:00,No-Show,50,100,32,2.2
2345,104,2022-06-09,13:00:00,Completed,350,71,13,1.7
2346,105,2020-05-04,11:00:00,No-Show,500,171,5,2.3
2347,106,2022-06-29,12:00:00,No-Show,200,60,23,1.7
2348,107,2022-02-02,13:00:00,No-Show,50,119,19,1.1
2349,108,2022-05-18,09:00:00,Cancelled,50,120,35,1.8
2350,109,2022-05-08,08:00:00,No-Show,30,107,30,1.6
2351,110,2021-06-21,10:00:00,Completed,200,61,8,1.6
2352,111,2020-03-31,13:00:00,No-Show,350,33,25,2.0
2353,112,2022-01-23,08:00:00,No-Show,30,71,35,1.9
2354,113,2019-02-10,10:00:00,Completed,0,116,44,1.8
2355,114,2019-03-01,19:00:00,Completed,200,120,25,2.3
2356,115,2022-05-27,09:00:00,Completed,350,35,18,1.2
2357,116,2021-04-29,14:00:00,Completed,100,51,23,2.0
2358,117,2022-05-02,17:00:00,Completed,350,112,14,1.6
2359,118,2021-03-19,09:00:00,Completed,100,144,5,1.8
2360,119,2020-04-08,15:00:00,Completed,100,159,15,1.8
2361,120,2021-05-29,13:00:00,Cancelled,350,128,7,2.0
2362,121,2019-03-23,09:00:00,Completed,100,60,39,1.2
2363,122,2019-01-09,16:00:00,Completed,30,82,26,1.5
2364,123,2020-06-14,08:00:00,Completed,0,97,28,1.4
2365,124,2019-01-25,08:00:00,Completed,100,101,16,1.7
2366,125,2022-06-06,10:00:00,Completed,200,41,33,1.8
2367,126,2019-05-13,14:00:00,Completed,100,93,32,2.5
2368,127,2019-05-20,17:00:00,Completed,500,33,24,2.1
2369,128,2021-01-20,16:00:00,Completed,100,102,44,1.7
2370,129,2021-04-25,19:00:00,Completed,30,116,32,2.1
2371,130,2022-01-10,14:00:00,Cancelled,0,78,42,1.7
2372,131,2022-01-24,13:00:00,No-Show,200,52,25,1.0
2373,132,2019-05-08,19:00:00,Cancelled,100,83,15,2.4
2374,133,2022-05-24,18:00:00,No-Show,350,93,29,1.8
2375,134,2020-06-26,19:00:00,No-Show,0,172,17,2.3
2376,135,2020-03-23,08:00:00,Completed,100,140,16,1.7
2377,136,2019-02-10,09:00:00,Completed,50,35,33,2.1
2378,137,2021-04-17,15:00:00,Cancelled,500,142,21,2.2
2379,138,2022-04-12,16:00:00,No-Show,350,30,11,2.3
2380,139,2022-05-24,08:00:00,Completed,50,136,35,1.4
2381,140,2022-02-17,08:00:00,Completed,50,37,43,1.7
2382,141,2022-03-05,14:00:00,Cancelled,100,172,10,2.4
2383,142,2021-02-18,18:00:00,Completed,200,41,5,2.0
2384,143,2019-03-02,09:00:00,Completed,50,123,27,1.1
2385,144,2020-03-14,10:00:00,Completed,50,74,28,1.6
2386,145,2020-02-24,10:00:00,Cancelled,350,123,5,1.7
2387,146,2021-02-25,18:00:00,Completed,100,166,19,2.0
2388,147,2021-02-20,16:00:00,Completed,350,48,37,1.3
2389,148,2019-05-30,19:00:00,Cancelled,350,36,28,1.2
2390,149,2021-03-12,08:00:00,Completed,500,141,7,1.4
2391,150,2021-02-28,08:00:00,Cancelled,30,36,32,1.6
2392,151,2022-01-06,19:00:00,Completed,50,47,44,2.1
2393,152,2020-01-30,19:00:00,Completed,50,137,32,1.6
2394,1,2021-01-02,09:00:00,Completed,50,168,44,1.7
2395,2,2019-01-24,17:00:00,Completed,350,139,31,1.8
2396,3,2022-04-26,09:00:00,Completed,30,157,32,1.6
2397,4,2020-02-24,18:00:00,Completed,500,157,12,2.1
2398,5,2020-03-11,18:00:00,No-Show,30,72,43,1.9
2399,6,2020-06-27,17:00:00,No-Show,350,36,24,2.4
2400,7,2020-01-06,08:00:00,Completed,200,141,26,1.6
2401,8,2022-05-29,15:00:00,Completed,0,176,39,2.0
2402,9,2021-06-27,11:00:00,Completed,30,179,24,2.0
2403,10,2019-03-05,17:00:00,Completed,30,141,39,1.2
2404,11,2019-01-16,17:00:00,Cancelled,50,110,42,1.9
2405,12,2022-06-29,08:00:00,Completed,30,106,20,1.6
2406,13,2020-03-10,08:00:00,Cancelled,350,99,13,1.5
2407,14,2020-04-29,10:00:00,No-Show,30,126,5,2.5
2408,15,2019-06-06,11:00:00,Completed,350,46,15,1.1
2409,16,2019-01-17,12:00:00,No-Show,350,38,37,1.5
2410,17,2019-01-29,09:00:00,Completed,350,119,20,1.7
2411,18,2020-05-16,19:00:00,No-Show,100,122,23,1.8
2412,19,2022-04-07,18:00:00,Completed,500,100,44,1.8
2413,20,2019-06-06,14:00:00,Completed,0,31,43,2.4
2414,21,2019-01-01,12:00:00,Cancelled,50,68,6,1.6
2415,22,2019-02-09,09:00:00,Completed,200,120,22,1.1
2416,23,2020-06-26,08:00:00,No-Show,350,146,9,2.1
2417,24,2020-01-31,08:00:00,Completed,200,174,9,1.1
2418,25,2022-02-06,11:00:00,Completed,200,164,36,1.6
2419,26,2021-06-21,10:00:00,No-Show,200,171,22,1.6
2420,27,2020-05-02,17:00:00,Completed,100,174,29,1.1
2421,28,2021-05-23,12:00:00,Completed,50,76,21,1.3
2422,29,2019-01-05,08:00:00,No-Show,50,157,31,1.9
2423,30,2020-03-02,19:00:00,Completed,0,144,5,2.3
2424,31,2020-03-03,18:00:00,Cancelled,30,75,34,1.2
2425,32,2022-01-09,16:00:00,Completed,200,44,33,1.1
2426,33,2020-04-08,09:00:00,Completed,100,46,23,1.2
2427,34,2019-04-25,10:00:00,Cancelled,30,147,39,1.8
2428,35,2021-01-01,11:00:00,Completed,350,65,15,1.3
2429,36,2022-05-02,17:00:00,Completed,0,150,43,2.5
2430,37,2021-02-05,09:00:00,Cancelled,500,130,5,1.3
2431,38,2019-04-12,13:00:00,Completed,0,108,16,1.0
2432,39,2021-01-30,18:00:00,Completed,100,176,14,1.8
2433,40,2022-03-23,16:00:00,Completed,350,179,14,1.9
2434,41,2022-05-26,17:00:00,Completed,500,159,15,1.1
2435,42,2020-02-02,11:00:00,Completed,100,116,29,1.5
2436,43,2019-03-01,19:00:00,Completed,30,41,17,2.1
2437,44,2022-03-12,16:00:00,Completed,50,34,40,2.5
2438,45,2022-01-05,09:00:00,Completed,100,141,24,1.3
2439,46,2021-01-06,18:00:00,Completed,200,70,26,1.0
2440,47,2021-02-24,16:00:00,Completed,30,67,18,1.4
2441,48,2022-03-28,17:00:00,Completed,100,179,11,2.1
2442,49,2022-04-10,19:00:00,Completed,50,83,7,2.0
2443,50,2019-05-18,14:00:00,Completed,350,88,28,2.4
2444,51,2022-04-01,10:00:00,Completed,500,83,20,1.4
2445,52,2021-04-11,16:00:00,Completed,50,134,30,1.8
2446,53,2019-03-09,18:00:00,Completed,200,129,29,1.8
2447,54,2021-01-25,14:00:00,No-Show,350,132,31,1.8
2448,55,2020-04-26,16:00:00,Cancelled,200,144,19,2.0
2449,56,2021-04-13,12:00:00,Cancelled,0,85,14,1.1
2450,57,2022-01-05,09:00:00,Completed,500,144,37,2.2
2451,58,2021-03-10,19:00:00,Completed,30,131,40,2.5
2452,59,2021-04-10,18:00:00,No-Show,0,58,22,2.1
2453,60,2022-06-26,17:00:00,Completed,350,57,41,2.0
2454,61,2022-02-03,14:00:00,Completed,50,174,23,1.8
2455,62,2020-03-26,12:00:00,No-Show,100,34,19,2.3
2456,63,2021-01-31,19:00:00,Completed,200,58,30,1.2
2457,64,2019-05-25,18:00:00,Completed,500,126,43,1.6
2458,65,2022-06-07,19:00:00,Completed,500,157,40,2.4
2459,66,2020-04-06,15:00:00,Cancelled,350,162,13,1.4
2460,67,2019-05-29,13:00:00,Cancelled,350,122,38,1.1
2461,68,2021-03-01,15:00:00,No-Show,50,167,25,2.2
2462,69,2022-06-26,18:00:00,Cancelled,100,79,14,2.3
2463,70,2019-01-27,09:00:00,Completed,30,142,30,2.1
2464,71,2022-02-02,09:00:00,Completed,350,74,30,1.4
2465,72,2019-02-08,19:00:00,Cancelled,350,72,41,1.4
2466,73,2019-04-19,17:00:00,Completed,50,140,42,1.3
2467,74,2021-02-27,17:00:00,Completed,500,59,40,1.9
2468,75,2020-05-12,12:00:00,Cancelled,200,82,26,1.7
2469,76,2022-03-12,08:00:00,Completed,30,36,15,1.4
2470,77,2020-02-23,18:00:00,Completed,350,67,17,1.2
2471,78,2021-02-07,17:00:00,Cancelled,50,159,19,1.6
2472,79,2022-05-18,19:00:00,Cancelled,500,85,13,1.2
2473,80,2020-05-10,16:00:00,Completed,500,142,8,1.3
2474,81,2022-02-04,12:00:00,Completed,500,72,31,2.2
2475,82,2019-05-17,18:00:00,Completed,500,152,35,2.4
2476,83,2019-01-05,16:00:00,No-Show,30,123,10,1.3
2477,84,2022-05-05,14:00:00,Completed,100,143,7,1.2
2478,85,2019-02-28,18:00:00,Completed,200,68,34,2.1
2479,86,2022-01-01,09:00:00,Completed,30,134,41,2.5
2480,87,2022-05-06,14:00:00,Completed,100,136,7,1.9
2481,88,2021-05-20,11:00:00,Completed,30,149,15,1.7
2482,89,2020-05-22,14:00:00,No-Show,0,65,30,1.1
2483,90,2021-05-24,12:00:00,Cancelled,350,115,17,2.5
2484,91,2020-04-13,08:00:00,Completed,350,112,38,1.2
2485,92,2022-01-16,18:00:00,Cancelled,350,123,19,2.5
2486,93,2020-05-04,13:00:00,No-Show,50,71,9,1.3
2487,94,2020-05-01,09:00:00,Completed,200,124,6,1.7
2488,95,2022-06-29,19:00:00,Completed,200,92,38,2.3
2489,96,2020-06-15,18:00:00,Completed,50,83,9,2.1
2490,97,2022-03-18,16:00:00,Cancelled,350,160,40,1.6
2491,98,2019-05-12,16:00:00,Completed,100,61,38,1.4
2492,99,2019-06-06,15:00:00,Cancelled,50,152,9,2.1
2493,100,2022-05-10,11:00:00,Completed,500,133,20,1.0
2494,101,2020-02-03,17:00:00,Completed,0,55,25,1.1
2495,102,2022-02-06,18:00:00,Completed,350,171,23,1.4
2496,103,2022-06-11,19:00:00,Completed,100,40,37,1.1
2497,104,2022-01-25,15:00:00,No-Show,30,54,24,2.1
2498,105,2019-05-11,08:00:00,No-Show,30,61,10,1.6
2499,106,2021-03-02,19:00:00,No-Show,500,174,42,1.0
2500,107,2020-03-29,11:00:00,Completed,500,102,34,1.0
2501,108,2019-03-12,17:00:00,Cancelled,0,74,38,1.4
2502,109,2021-05-17,18:00:00,No-Show,500,154,11,2.2
2503,110,2019-01-12,18:00:00,No-Show,30,134,40,2.1
2504,111,2022-06-02,10:00:00,Completed,50,104,16,1.2
2505,112,2019-03-15,16:00:00,No-Show,500,102,36,2.0
2506,113,2020-04-24,08:00:00,Completed,30,40,36,1.4
2507,114,2019-06-17,11:00:00,Completed,500,154,35,1.1
2508,115,2021-05-11,18:00:00,Cancelled,500,161,32,1.1
2509,116,2020-04-23,16:00:00,Completed,200,52,19,1.6
2510,117,2022-01-02,16:00:00,Completed,0,102,16,1.4
2511,118,2021-03-29,15:00:00,Cancelled,0,96,8,1.9
2512,119,2019-04-11,16:00:00,No-Show,200,166,35,2.3
2513,120,2020-03-06,18:00:00,Completed,200,158,29,1.9
2514,121,2022-01-08,09:00:00,Completed,30,155,44,1.1
2515,122,2020-06-14,11:00:00,No-Show,500,161,15,2.3
2516,123,2022-06-24,12:00:00,Completed,0,131,6,2.4
2517,124,2020-06-29,17:00:00,No-Show,30,77,40,2.1
2518,125,2020-06-03,09:00:00,Completed,500,49,42,1.3
2519,126,2022-03-01,15:00:00,Completed,0,149,41,2.4
2520,127,2020-03-13,11:00:00,No-Show,500,58,35,2.3
2521,128,2022-04-18,18:00:00,Completed,200,47,22,2.0
2522,129,2020-02-03,17:00:00,Completed,50,117,6,1.6
2523,130,2022-04-28,14:00:00,Completed,0,81,21,1.3
2524,131,2020-03-19,16:00:00,No-Show,0,162,23,2.1
2525,132,2022-06-13,16:00:00,Completed,30,104,30,1.8
2526,133,2020-05-19,12:00:00,Completed,350,171,11,2.1
2527,134,2022-03-27,17:00:00,Completed,0,40,31,1.3
2528,135,2020-04-11,11:00:00,Cancelled,350,64,13,1.5
2529,136,2019-06-05,12:00:00,No-Show,100,58,15,1.9
2530,137,2021-01-22,16:00:00,Completed,500,136,22,1.9
2531,138,2020-01-21,09:00:00,Completed,200,57,31,1.2
2532,139,2020-02-28,11:00:00,Completed,500,170,27,1.0
2533,140,2020-05-07,11:00:00,Cancelled,500,156,7,2.0
2534,141,2020-06-10,17:00:00,Completed,30,137,38,1.7
2535,142,2021-01-05,10:00:00,No-Show,30,51,39,2.4
2536,143,2021-06-04,12:00:00,Completed,0,34,18,1.7
2537,144,2022-02-09,11:00:00,No-Show,50,137,40,2.1
2538,145,2019-04-22,09:00:00,Completed,350,47,13,1.9
2539,146,2022-01-20,13:00:00,No-Show,30,50,38,2.3
2540,147,2022-06-10,18:00:00,Completed,30,164,33,2.3
2541,148,2021-01-30,11:00:00,Completed,0,95,24,2.2
2542,149,2022-05-24,12:00:00,Completed,350,118,37,2.0
2543,150,2019-04-21,09:00:00,No-Show,350,31,6,1.7
2544,151,2021-05-06,10:00:00,Completed,0,165,5,1.4
2545,152,2022-03-12,15:00:00,Completed,500,95,38,1.5
2546,1,2021-03-04,18:00:00,Completed,500,89,38,2.0
2547,2,2022-06-14,19:00:00,Cancelled,30,44,38,1.6
2548,3,2019-06-21,08:00:00,No-Show,350,54,41,1.0
2549,4,2022-04-16,08:00:00,Completed,350,104,37,1.4
2550,5,2020-02-24,14:00:00,Cancelled,350,147,16,1.5
2551,6,2019-06-02,19:00:00,Cancelled,500,87,25,1.6
2552,7,2020-03-13,14:00:00,Completed,500,121,35,2.3
2553,8,2022-05-15,17:00:00,Completed,500,135,36,2.3
2554,9,2021-06-15,16:00:00,Completed,350,114,28,1.8
2555,10,2019-03-03,08:00:00,Completed,100,120,41,1.6
2556,11,2022-03-27,12:00:00,Cancelled,50,111,25,1.6
2557,12,2021-05-16,08:00:00,Completed,100,45,14,1.7
2558,13,2020-02-23,12:00:00,Cancelled,50,135,32,2.3
2559,14,2019-04-11,18:00:00,Cancelled,350,46,23,2.1
2560,15,2021-06-26,13:00:00,Completed,50,84,12,1.9
2561,16,2019-02-18,18:00:00,Completed,500,84,14,1.5
2562,17,2020-01-06,09:00:00,Completed,500,110,24,1.2
2563,18,2021-01-15,12:00:00,Completed,500,153,35,2.1
2564,19,2021-06-19,16:00:00,Cancelled,30,39,14,2.2
2565,20,2020-04-22,10:00:00,No-Show,50,146,24,1.4
2566,21,2021-02-28,16:00:00,Completed,200,55,14,1.3
2567,22,2020-06-27,17:00:00,Cancelled,350,172,9,1.2
2568,23,2022-01-07,13:00:00,Completed,350,122,19,1.7
2569,24,2020-01-09,12:00:00,Completed,0,124,40,1.2
2570,25,2019-05-10,19:00:00,Cancelled,100,63,17,1.2
2571,26,2022-02-04,16:00:00,No-Show,30,44,26,1.7
2572,27,2020-04-12,14:00:00,Completed,200,106,41,2.2
2573,28,2020-05-06,10:00:00,Completed,500,95,12,1.8
2574,29,2021-05-16,10:00:00,No-Show,30,168,17,1.8
2575,30,2019-05-30,10:00:00,Completed,500,142,41,1.5
2576,31,2021-02-18,17:00:00,Completed,350,146,22,1.4
2577,32,2020-06-10,19:00:00,No-Show,0,146,42,1.9
2578,33,2020-01-13,08:00:00,Completed,350,137,6,2.4
2579,34,2020-01-11,08:00:00,No-Show,0,150,43,2.5
2580,35,2019-02-26,14:00:00,No-Show,30,54,40,2.1
2581,36,2022-01-12,13:00:00,Cancelled,100,178,42,1.2
2582,37,2021-04-12,14:00:00,Completed,30,153,42,2.0
2583,38,2021-01-01,12:00:00,No-Show,0,42,6,2.0
2584,39,2021-02-18,19:00:00,Completed,50,104,27,1.0
2585,40,2021-02-08,15:00:00,Completed,500,65,5,1.2
2586,41,2022-04-28,11:00:00,Completed,50,62,22,1.3
2587,42,2019-04-30,19:00:00,Completed,200,89,39,1.1
2588,43,2020-05-13,11:00:00,Completed,100,62,33,2.3
2589,44,2019-02-27,12:00:00,Cancelled,500,35,21,1.1
2590,45,2021-02-06,13:00:00,No-Show,0,138,18,1.4
2591,46,2019-06-07,10:00:00,Completed,50,118,22,1.6
2592,47,2022-02-26,12:00:00,Cancelled,500,144,23,2.1
2593,48,2019-05-02,10:00:00,No-Show,50,167,17,1.7
2594,49,2022-06-14,08:00:00,Completed,350,46,28,2.1
2595,50,2021-05-05,15:00:00,Completed,350,142,40,1.0
2596,51,2019-02-18,13:00:00,No-Show,200,179,13,2.2
2597,52,2019-05-24,13:00:00,Completed,500,162,36,1.4
2598,53,2019-05-02,13:00:00,Completed,500,171,16,2.4
2599,54,2022-01-16,10:00:00,Completed,0,133,6,1.1
2600,55,2021-01-30,19:00:00,Cancelled,0,75,41,1.6
2601,56,2019-04-26,13:00:00,Completed,0,130,28,1.5
2602,57,2019-06-11,14:00:00,Completed,50,78,37,1.5
2603,58,2019-05-04,11:00:00,No-Show,100,151,30,1.3
2604,59,2019-04-11,10:00:00,Completed,0,88,11,1.0
2605,60,2021-05-16,16:00:00,No-Show,0,104,9,1.9
2606,61,2022-03-16,16:00:00,Completed,0,169,44,1.7
2607,62,2022-03-15,19:00:00,Cancelled,50,63,35,1.8
2608,63,2022-02-12,18:00:00,No-Show,30,80,35,1.6
2609,64,2019-01-30,14:00:00,Completed,30,60,29,1.8
2610,65,2019-01-16,11:00:00,Completed,100,100,27,1.2
2611,66,2022-01-30,16:00:00,Cancelled,100,177,22,2.4
2612,67,2020-05-02,13:00:00,No-Show,500,157,14,2.1
2613,68,2022-05-10,12:00:00,Completed,350,34,32,2.2
2614,69,2020-01-08,17:00:00,Completed,200,122,44,2.3
2615,70,2020-03-31,11:00:00,No-Show,30,132,42,1.9
2616,71,2021-06-23,11:00:00,No-Show,200,85,21,1.8
2617,72,2022-04-11,12:00:00,No-Show,0,148,12,1.2
2618,73,2019-06-25,11:00:00,Completed,0,44,5,1.3
2619,74,2021-04-23,15:00:00,No-Show,100,107,43,2.1
2620,75,2020-04-24,18:00:00,Cancelled,350,179,41,1.6
2621,76,2020-04-28,14:00:00,Completed,200,108,44,1.1
2622,77,2022-03-18,11:00:00,Completed,100,96,21,2.1
2623,78,2022-04-20,10:00:00,Completed,350,131,6,1.9
2624,79,2020-03-23,15:00:00,Completed,350,123,38,2.1
2625,80,2022-03-24,17:00:00,No-Show,0,129,19,1.7
2626,81,2019-05-27,16:00:00,Completed,0,35,22,2.2
2627,82,2021-04-01,16:00:00,Completed,100,152,13,2.2
2628,83,2019-05-30,11:00:00,Completed,500,114,11,1.8
2629,84,2020-06-14,16:00:00,Completed,350,129,23,2.5
2630,85,2019-05-28,15:00:00,Cancelled,500,158,28,1.4
2631,86,2019-06-19,10:00:00,No-Show,0,128,7,2.2
2632,87,2022-01-20,11:00:00,Completed,50,167,28,2.2
2633,88,2021-03-28,18:00:00,Completed,350,49,16,1.1
2634,89,2022-05-19,17:00:00,Completed,350,102,9,1.5
2635,90,2020-05-21,17:00:00,Completed,0,131,35,2.5
2636,91,2022-05-06,13:00:00,Completed,200,159,39,1.5
2637,92,2019-05-27,10:00:00,Completed,30,117,22,1.4
2638,93,2021-02-21,09:00:00,Cancelled,200,155,41,2.2
2639,94,2020-06-27,09:00:00,Completed,30,94,10,1.9
2640,95,2022-03-17,09:00:00,Completed,50,69,30,1.6
2641,96,2022-04-21,16:00:00,No-Show,100,177,38,2.3
2642,97,2019-05-04,14:00:00,Completed,500,114,42,1.9
2643,98,2019-01-24,19:00:00,Cancelled,500,93,37,1.2
2644,99,2021-04-30,16:00:00,Cancelled,100,132,15,1.5
2645,100,2021-06-18,19:00:00,Completed,100,119,25,2.5
2646,101,2019-02-27,10:00:00,Completed,350,48,35,1.3
2647,102,2021-01-12,11:00:00,Cancelled,500,135,24,2.1
2648,103,2022-06-11,09:00:00,No-Show,500,174,18,1.7
2649,104,2020-03-30,14:00:00,Completed,30,176,44,2.4
2650,105,2022-01-11,11:00:00,Cancelled,100,156,33,1.2
2651,106,2020-04-05,10:00:00,Completed,350,166,25,2.0
2652,107,2022-05-11,09:00:00,Completed,30,160,7,1.9
2653,108,2019-05-25,13:00:00,Completed,100,57,5,2.4
2654,109,2020-05-06,10:00:00,No-Show,200,68,17,1.9
2655,110,2021-06-03,18:00:00,Completed,200,105,23,1.1
2656,111,2021-05-03,14:00:00,Completed,50,78,12,1.7
2657,112,2022-03-21,16:00:00,Completed,200,96,34,2.4
2658,113,2020-03-17,17:00:00,Cancelled,50,74,28,1.4
2659,114,2019-02-23,12:00:00,Completed,50,87,15,1.1
2660,115,2022-04-29,10:00:00,Completed,350,93,13,2.1
2661,116,2021-03-18,14:00:00,Completed,0,62,20,1.8
2662,117,2022-01-15,14:00:00,Completed,100,35,19,2.4
2663,118,2021-01-16,13:00:00,Completed,500,178,6,2.0
2664,119,2019-02-09,09:00:00,Completed,350,62,15,1.0
2665,120,2020-03-12,10:00:00,Completed,100,153,30,1.9
2666,121,2019-06-24,19:00:00,Completed,350,30,11,1.3
2667,122,2019-01-24,10:00:00,Completed,350,82,35,2.3
2668,123,2022-01-07,12:00:00,Completed,0,75,43,2.3
2669,124,2019-04-08,19:00:00,Cancelled,50,31,13,1.8
2670,125,2022-05-16,09:00:00,Completed,200,103,28,1.7
2671,126,2022-05-02,13:00:00,Completed,0,128,30,1.1
2672,127,2022-06-23,08:00:00,No-Show,100,117,14,2.1
2673,128,2021-03-20,13:00:00,No-Show,50,51,14,1.4
2674,129,2021-04-27,11:00:00,Cancelled,0,130,8,2.0
2675,130,2021-03-06,18:00:00,Completed,100,64,17,1.5
2676,131,2021-03-01,14:00:00,Cancelled,100,105,38,2.4
2677,132,2019-05-02,09:00:00,Completed,50,106,31,1.6
2678,133,2022-04-26,12:00:00,Completed,200,45,8,1.9
2679,134,2022-05-03,11:00:00,Cancelled,500,31,14,1.4
2680,135,2022-04-28,16:00:00,Completed,350,62,17,1.0
2681,136,2020-04-15,08:00:00,Cancelled,50,142,27,1.8
2682,137,2019-05-23,11:00:00,Completed,100,165,31,1.5
2683,138,2022-05-21,12:00:00,Completed,100,32,12,1.1
2684,139,2022-03-22,14:00:00,Completed,100,72,6,1.1
2685,140,2020-05-07,12:00:00,Completed,500,89,33,1.4
2686,141,2019-03-19,11:00:00,Completed,500,142,34,1.1
2687,142,2019-06-14,10:00:00,Cancelled,500,161,16,1.2
2688,143,2019-01-24,11:00:00,No-Show,200,122,7,2.3
2689,144,2022-04-06,12:00:00,Completed,30,43,8,1.4
2690,145,2021-02-16,12:00:00,Completed,500,155,40,2.2
2691,146,2021-04-04,16:00:00,Completed,100,30,36,2.3
2692,147,2022-02-11,13:00:00,Completed,350,74,7,2.0
2693,148,2020-04-10,12:00:00,Cancelled,200,175,9,2.2
2694,149,2020-01-22,12:00:00,Completed,0,65,40,1.2
2695,150,2019-03-04,13:00:00,Cancelled,200,159,27,1.1
2696,151,2019-04-28,13:00:00,Completed,350,51,40,2.3
2697,152,2020-06-08,09:00:00,Completed,100,34,38,1.5
2698,1,2019-03-20,14:00:00,Cancelled,200,177,33,1.3
2699,2,2021-02-25,19:00:00,Completed,500,166,35,2.2
2700,3,2021-02-28,13:00:00,Completed,30,98,39,1.8
2701,4,2020-02-01,12:00:00,Completed,0,59,15,1.8
2702,5,2019-04-10,11:00:00,Cancelled,200,41,22,2.4
2703,6,2022-05-21,09:00:00,No-Show,50,161,34,2.2
2704,7,2021-06-27,11:00:00,Completed,500,59,17,2.4
2705,8,2020-04-04,19:00:00,No-Show,350,168,14,1.2
2706,9,2022-06-13,16:00:00,Completed,0,149,5,1.4
2707,10,2021-04-22,11:00:00,Completed,100,80,39,2.2
2708,11,2022-06-16,18:00:00,Completed,500,84,40,2.5
2709,12,2021-04-28,12:00:00,Completed,200,146,9,1.1
2710,13,2022-06-15,16:00:00,Cancelled,50,69,24,1.5
2711,14,2019-05-01,10:00:00,Completed,0,99,19,2.4
2712,15,2020-03-02,11:00:00,Completed,30,112,39,2.4
2713,16,2020-02-17,13:00:00,Completed,500,88,20,1.6
2714,17,2020-04-25,12:00:00,No-Show,350,159,21,2.3
2715,18,2022-04-12,18:00:00,Completed,350,75,16,2.2
2716,19,2019-03-13,14:00:00,Completed,50,82,26,1.9
2717,20,2020-05-26,09:00:00,Completed,100,145,9,2.5
2718,21,2019-04-29,08:00:00,Completed,200,140,29,2.5
2719,22,2019-02-03,14:00:00,Cancelled,200,79,32,1.8
2720,23,2019-06-25,08:00:00,Cancelled,200,124,5,2.4
2721,24,2019-05-04,17:00:00,Cancelled,200,47,39,1.2
2722,25,2020-06-24,08:00:00,Completed,0,134,17,1.3
2723,26,2019-05-11,17:00:00,Completed,500,132,22,1.6
2724,27,2022-01-30,18:00:00,No-Show,0,110,43,2.3
2725,28,2020-04-29,11:00:00,Completed,50,160,29,1.8
2726,29,2022-05-01,19:00:00,No-Show,350,105,22,1.6
2727,30,2022-04-13,15:00:00,Completed,50,107,35,1.2
2728,31,2020-03-13,09:00:00,No-Show,0,34,8,1.3
2729,32,2019-03-11,08:00:00,Completed,100,84,41,2.0
2730,33,2021-01-30,09:00:00,Cancelled,100,47,19,2.5
2731,34,2020-02-03,12:00:00,Completed,100,172,37,2.1
2732,35,2020-01-08,17:00:00,Completed,500,129,41,1.0
2733,36,2021-04-06,17:00:00,Completed,350,73,9,1.9
2734,37,2021-03-06,13:00:00,Cancelled,30,77,15,1.5
2735,38,2021-01-19,14:00:00,Completed,30,57,37,1.7
2736,39,2019-01-18,09:00:00,No-Show,30,85,22,1.9
2737,40,2021-02-13,10:00:00,No-Show,0,32,35,2.3
2738,41,2020-01-28,10:00:00,Completed,500,156,43,2.4
2739,42,2019-01-13,16:00:00,No-Show,200,70,40,1.4
2740,43,2022-04-01,14:00:00,No-Show,350,32,22,1.4
2741,44,2020-02-06,11:00:00,Completed,50,108,41,1.7
2742,45,2022-04-23,17:00:00,Completed,0,81,12,1.1
2743,46,2019-05-17,19:00:00,Cancelled,30,151,23,1.2
2744,47,2020-03-19,14:00:00,No-Show,500,139,41,2.3
2745,48,2022-02-02,09:00:00,Cancelled,100,48,23,1.6
2746,49,2019-04-10,16:00:00,No-Show,200,71,14,1.4
2747,50,2022-04-05,16:00:00,Completed,0,146,27,1.3
2748,51,2021-04-26,17:00:00,Completed,0,37,36,1.5
2749,52,2021-02-27,16:00:00,Completed,0,149,12,2.4
2750,53,2022-04-19,12:00:00,Completed,30,109,5,1.4
2751,54,2020-05-27,19:00:00,No-Show,500,81,5,2.1
2752,55,2022-06-14,11:00:00,Completed,350,61,21,2.4
2753,56,2021-02-05,15:00:00,Completed,350,90,17,1.8
2754,57,2020-01-03,16:00:00,Cancelled,0,137,20,1.0
2755,58,2020-05-06,10:00:00,Completed,350,30,19,1.9
2756,59,2020-05-17,11:00:00,Completed,30,164,22,1.4
2757,60,2022-01-27,11:00:00,Completed,0,149,34,1.5
2758,61,2021-04-06,13:00:00,Completed,200,39,39,1.5
2759,62,2022-06-28,18:00:00,Completed,500,76,7,1.8
2760,63,2019-05-02,19:00:00,Cancelled,30,134,24,2.2
2761,64,2022-01-17,08:00:00,Cancelled,500,31,8,2.4
2762,65,2019-05-06,17:00:00,Cancelled,0,137,29,1.8
2763,66,2020-04-30,14:00:00,No-Show,0,91,33,1.7
2764,67,2022-03-16,17:00:00,Completed,500,64,19,1.3
2765,68,2022-06-08,09:00:00,Completed,100,50,13,1.9
2766,69,2021-05-10,18:00:00,No-Show,350,131,40,1.9
2767,70,2021-05-14,18:00:00,Completed,30,125,24,1.1
2768,71,2021-01-23,18:00:00,Completed,500,67,39,1.0
2769,72,2020-05-05,08:00:00,Completed,200,32,16,2.2
2770,73,2021-03-05,14:00:00,Cancelled,30,122,7,1.0
2771,74,2019-04-21,16:00:00,Cancelled,350,178,9,1.6
2772,75,2021-05-04,11:00:00,Completed,200,44,33,1.1
2773,76,2019-04-17,15:00:00,Completed,350,73,16,1.6
2774,77,2020-03-30,18:00:00,Completed,350,163,26,1.5
2775,78,2019-04-22,19:00:00,Completed,100,99,26,2.2
2776,79,2020-01-08,18:00:00,Completed,0,130,12,1.2
2777,80,2022-01-16,11:00:00,No-Show,350,80,41,2.1
2778,81,2021-03-01,13:00:00,No-Show,0,167,11,1.3
2779,82,2021-01-23,10:00:00,Completed,200,34,37,2.0
2780,83,2021-03-06,15:00:00,Completed,0,140,28,1.7
2781,84,2022-06-28,16:00:00,Completed,100,147,14,1.2
2782,85,2019-06-18,13:00:00,Cancelled,30,125,26,2.5
2783,86,2021-06-13,14:00:00,Cancelled,200,69,10,2.4
2784,87,2019-03-13,16:00:00,No-Show,500,118,27,1.6
2785,88,2022-04-04,10:00:00,Completed,500,162,33,1.6
2786,89,2021-05-09,19:00:00,Completed,30,172,32,2.4
2787,90,2020-03-13,09:00:00,Completed,0,165,44,1.1
2788,91,2020-03-08,14:00:00,No-Show,350,58,41,1.4
2789,92,2019-02-14,12:00:00,No-Show,0,128,10,1.5
2790,93,2021-02-01,08:00:00,Completed,350,147,5,2.3
2791,94,2019-06-11,14:00:00,Completed,30,172,38,1.3
2792,95,2022-06-26,11:00:00,Completed,0,135,41,1.9
2793,96,2019-03-05,10:00:00,Cancelled,500,71,18,1.8
2794,97,2019-03-25,13:00:00,No-Show,50,32,18,1.4
2795,98,2022-05-25,12:00:00,Completed,0,105,14,1.9
2796,99,2019-03-30,13:00:00,Cancelled,500,45,18,1.8
2797,100,2020-01-24,10:00:00,Completed,350,170,18,1.6
2798,101,2019-06-17,10:00:00,Completed,500,159,23,2.1
2799,102,2020-02-26,15:00:00,Completed,500,139,30,2.3
2800,103,2022-05-18,15:00:00,Completed,100,103,31,1.4
2801,104,2021-04-18,08:00:00,No-Show,30,58,10,1.6
2802,105,2021-04-06,14:00:00,Cancelled,100,68,38,1.4
2803,106,2019-03-08,19:00:00,Completed,30,134,38,1.6
2804,107,2019-01-04,13:00:00,Completed,100,116,28,1.4
2805,108,2019-02-23,10:00:00,Completed,500,66,15,1.4
2806,109,2020-02-21,08:00:00,Cancelled,200,147,12,1.4
2807,110,2019-01-07,09:00:00,Completed,30,166,24,1.9
2808,111,2020-03-17,17:00:00,Completed,0,36,39,2.0
2809,112,2020-04-03,11:00:00,No-Show,50,41,23,1.6
2810,113,2019-05-17,09:00:00,Completed,500,148,32,2.2
2811,114,2020-06-28,14:00:00,No-Show,350,139,20,2.4
2812,115,2021-06-19,16:00:00,Completed,100,159,24,1.3
2813,116,2022-03-16,15:00:00,Completed,200,47,38,1.8
2814,117,2022-03-30,16:00:00,Completed,100,116,30,1.3
2815,118,2022-03-18,10:00:00,Completed,0,86,19,1.9
2816,119,2020-01-09,08:00:00,Completed,30,171,8,2.4
2817,120,2020-05-05,15:00:00,Cancelled,500,52,27,1.9
2818,121,2022-04-29,10:00:00,No-Show,30,93,28,1.9
2819,122,2021-01-21,16:00:00,Cancelled,30,110,17,1.1
2820,123,2022-04-09,11:00:00,Completed,50,78,41,2.2
2821,124,2019-06-26,11:00:00,Completed,30,79,33,2.3
2822,125,2020-05-17,09:00:00,Completed,0,54,32,1.2
2823,126,2021-05-14,16:00:00,Completed,50,134,28,2.1
2824,127,2019-01-08,13:00:00,Completed,350,103,5,2.2
2825,128,2022-05-14,15:00:00,Cancelled,30,42,26,1.7
2826,129,2021-06-28,15:00:00,No-Show,100,66,42,1.9
2827,130,2021-06-18,12:00:00,Completed,30,87,15,1.8
2828,131,2019-03-20,17:00:00,No-Show,350,51,34,2.1
2829,132,2020-03-04,16:00:00,Completed,200,32,30,1.5
2830,133,2022-06-06,09:00:00,Completed,0,178,11,1.4
2831,134,2019-02-02,18:00:00,Completed,500,138,42,1.6
2832,135,2020-06-24,19:00:00,No-Show,350,168,17,1.5
2833,136,2022-06-24,10:00:00,Completed,50,103,34,1.2
2834,137,2019-01-28,14:00:00,Cancelled,100,84,9,1.2
2835,138,2021-03-18,17:00:00,Completed,0,56,30,1.3
2836,139,2021-01-31,08:00:00,Completed,30,88,35,2.2
2837,140,2019-05-22,11:00:00,No-Show,200,138,11,1.0
2838,141,2022-01-27,14:00:00,Completed,200,62,7,1.5
2839,142,2021-04-04,17:00:00,Completed,30,69,33,2.0
2840,143,2021-04-05,11:00:00,No-Show,500,96,16,1.9
2841,144,2019-03-12,17:00:00,Completed,350,164,21,2.1
2842,145,2021-05-23,13:00:00,Completed,50,71,38,2.3
2843,146,2021-03-31,08:00:00,Cancelled,350,125,5,1.0
2844,147,2020-05-17,08:00:00,Completed,30,45,14,1.5
2845,148,2021-05-08,13:00:00,Completed,200,41,15,1.9
2846,149,2022-04-17,15:00:00,No-Show,100,88,35,1.8
2847,150,2019-01-28,16:00:00,Cancelled,100,114,11,1.7
2848,151,2021-02-02,09:00:00,Completed,500,71,13,1.5
2849,152,2021-02-12,12:00:00,Completed,50,121,9,2.2
2850,1,2021-04-06,11:00:00,Completed,500,124,29,1.6
2851,2,2021-01-17,09:00:00,Completed,500,43,18,1.8
2852,3,2019-03-02,17:00:00,Completed,0,154,16,2.2
2853,4,2022-05-17,10:00:00,Cancelled,0,138,42,1.2
2854,5,2020-04-20,10:00:00,No-Show,30,167,14,1.3
2855,6,2021-05-12,12:00:00,Completed,500,94,11,2.1
2856,7,2020-04-11,12:00:00,No-Show,350,69,39,1.6
2857,8,2021-03-29,18:00:00,Cancelled,50,42,44,2.1
2858,9,2020-02-28,14:00:00,Completed,200,66,36,1.7
2859,10,2022-05-28,19:00:00,Completed,200,79,44,2.2
2860,11,2022-04-27,08:00:00,Completed,200,123,9,2.1
2861,12,2019-04-06,11:00:00,Completed,350,101,11,1.8
2862,13,2020-03-22,14:00:00,No-Show,350,138,22,1.5
2863,14,2020-04-13,09:00:00,Completed,200,75,33,2.1
2864,15,2021-03-14,09:00:00,Cancelled,50,117,23,2.3
2865,16,2020-03-21,15:00:00,Completed,200,144,41,2.3
2866,17,2019-05-31,13:00:00,Completed,30,85,18,2.2
2867,18,2022-04-01,19:00:00,Completed,30,123,9,1.9
2868,19,2019-06-11,18:00:00,Completed,30,87,40,2.1
2869,20,2022-05-05,08:00:00,Completed,200,103,24,2.5
2870,21,2022-02-11,11:00:00,Completed,30,169,27,2.0
2871,22,2020-06-02,17:00:00,No-Show,350,33,38,1.5
2872,23,2021-01-15,17:00:00,No-Show,500,92,37,2.4
2873,24,2020-04-20,16:00:00,Completed,30,94,7,2.5
2874,25,2019-05-06,19:00:00,No-Show,200,153,6,1.3
2875,26,2019-01-14,13:00:00,Completed,50,83,5,2.2
2876,27,2019-05-01,19:00:00,Cancelled,100,77,19,2.3
2877,28,2021-01-05,17:00:00,Cancelled,0,112,38,1.2
2878,29,2020-04-12,12:00:00,Completed,30,172,28,1.6
2879,30,2022-02-22,12:00:00,Completed,200,94,7,1.2
2880,31,2022-03-09,15:00:00,Completed,0,40,8,2.0
2881,32,2019-04-30,11:00:00,Completed,100,160,34,2.3
2882,33,2021-03-28,08:00:00,Cancelled,50,79,22,1.4
2883,34,2022-02-07,09:00:00,Completed,350,144,37,2.4
2884,35,2021-06-27,16:00:00,Cancelled,30,140,33,2.1
2885,36,2021-06-04,12:00:00,No-Show,0,57,44,1.3
2886,37,2021-05-11,13:00:00,Completed,200,33,40,1.8
2887,38,2020-03-18,17:00:00,No-Show,350,139,29,1.1
2888,39,2019-05-25,13:00:00,Completed,350,83,34,2.2
2889,40,2021-05-05,13:00:00,Completed,100,115,30,1.8
2890,41,2021-03-28,13:00:00,No-Show,100,46,28,1.1
2891,42,2021-03-09,14:00:00,No-Show,50,149,20,1.8
2892,43,2021-05-06,17:00:00,Cancelled,50,106,15,1.6
2893,44,2021-01-12,12:00:00,Completed,0,82,24,1.7
2894,45,2019-05-19,11:00:00,Completed,100,147,37,2.1
2895,46,2019-04-03,11:00:00,Completed,350,63,33,2.2
2896,47,2020-06-13,10:00:00,No-Show,50,156,36,1.5
2897,48,2021-02-12,09:00:00,Cancelled,350,88,21,1.7
2898,49,2020-03-30,10:00:00,Completed,30,56,15,1.1
2899,50,2021-02-11,12:00:00,No-Show,50,124,13,1.4
2900,51,2020-04-23,13:00:00,Completed,0,167,41,1.1
2901,52,2019-05-03,13:00:00,No-Show,500,133,34,2.3
2902,53,2022-01-29,18:00:00,Cancelled,500,143,41,2.1
2903,54,2022-01-26,18:00:00,No-Show,500,163,6,1.6
2904,55,2021-05-28,17:00:00,Completed,500,144,20,2.1
2905,56,2021-01-09,12:00:00,Completed,500,148,6,2.5
2906,57,2020-04-24,17:00:00,No-Show,100,178,20,1.3
2907,58,2022-01-15,11:00:00,No-Show,200,163,8,2.1
2908,59,2021-05-25,09:00:00,Completed,500,84,10,1.8
2909,60,2020-03-11,13:00:00,Completed,350,123,12,1.7
2910,61,2019-06-18,17:00:00,Completed,100,177,17,2.3
2911,62,2022-01-04,14:00:00,Cancelled,200,68,6,1.6
2912,63,2020-03-15,18:00:00,Completed,350,70,8,1.9
2913,64,2022-05-16,11:00:00,Cancelled,350,142,15,1.0
2914,65,2020-02-23,13:00:00,Completed,500,117,35,1.6
2915,66,2022-06-22,19:00:00,Cancelled,350,173,19,1.8
2916,67,2022-03-17,17:00:00,No-Show,350,84,44,1.4
2917,68,2022-03-22,18:00:00,Completed,0,134,32,1.5
2918,69,2019-03-29,13:00:00,Completed,100,100,40,1.7
2919,70,2019-03-12,15:00:00,Completed,100,106,14,1.8
2920,71,2019-06-25,12:00:00,No-Show,500,79,25,1.7
2921,72,2020-02-19,10:00:00,Completed,500,73,27,1.8
2922,73,2019-03-01,17:00:00,Completed,30,36,34,2.0
2923,74,2022-02-02,09:00:00,No-Show,200,125,34,1.9
2924,75,2021-05-22,18:00:00,Completed,100,164,14,2.3
2925,76,2019-03-15,18:00:00,Completed,0,129,27,1.4
2926,77,2020-05-22,19:00:00,No-Show,350,54,15,2.1
2927,78,2019-05-12,18:00:00,Completed,0,49,18,1.8
2928,79,2022-03-13,16:00:00,Completed,500,154,19,1.0
2929,80,2019-03-01,12:00:00,Completed,350,152,26,1.3
2930,81,2021-06-03,18:00:00,Completed,350,65,37,2.2
2931,82,2022-05-02,15:00:00,Completed,350,74,10,2.2
2932,83,2022-06-10,12:00:00,Cancelled,0,153,10,2.4
2933,84,2021-02-25,08:00:00,Completed,200,71,32,2.3
2934,85,2019-01-17,12:00:00,Cancelled,200,172,28,1.2
2935,86,2019-06-09,13:00:00,Completed,350,33,28,1.4
2936,87,2021-01-01,19:00:00,Completed,350,72,25,1.6
2937,88,2022-03-26,16:00:00,Cancelled,200,126,19,1.5
2938,89,2020-02-18,11:00:00,Cancelled,0,39,13,1.3
2939,90,2022-03-17,15:00:00,Completed,100,91,16,1.1
2940,91,2022-04-03,08:00:00,Cancelled,0,140,25,2.3
2941,92,2021-04-16,09:00:00,Completed,350,72,13,2.1
2942,93,2021-03-21,18:00:00,Completed,0,106,26,2.1
2943,94,2019-06-15,11:00:00,Completed,200,168,20,1.9
2944,95,2022-03-30,09:00:00,No-Show,350,168,23,1.9
2945,96,2022-04-22,09:00:00,Completed,50,107,21,2.2
2946,97,2019-02-25,17:00:00,Completed,100,90,23,1.4
2947,98,2020-03-24,10:00:00,Completed,350,145,44,1.4
2948,99,2019-02-24,11:00:00,Completed,0,140,14,1.9
2949,100,2019-03-21,17:00:00,Completed,100,141,31,1.8
2950,101,2019-04-21,12:00:00,Completed,30,174,27,2.3
2951,102,2022-01-28,11:00:00,No-Show,100,56,27,1.5
2952,103,2021-04-04,09:00:00,Completed,500,51,34,1.1
2953,104,2022-05-18,17:00:00,Completed,30,121,16,1.2
2954,105,2022-06-27,16:00:00,Completed,200,113,24,2.0
2955,106,2020-05-25,12:00:00,Cancelled,200,152,14,1.8
2956,107,2020-04-17,17:00:00,Completed,30,35,40,1.2
2957,108,2019-02-14,10:00:00,Completed,30,169,15,1.8
2958,109,2019-04-23,11:00:00,Completed,30,36,37,1.3
2959,110,2019-03-05,09:00:00,Completed,0,81,31,2.2
2960,111,2022-02-12,14:00:00,Cancelled,50,92,26,2.1
2961,112,2020-02-09,15:00:00,Completed,0,59,37,1.2
2962,113,2021-04-11,16:00:00,Completed,200,33,29,1.5
2963,114,2021-05-22,11:00:00,Completed,350,125,10,2.1
2964,115,2019-05-29,16:00:00,Cancelled,200,160,5,2.4
2965,116,2021-05-22,18:00:00,Completed,350,64,38,2.2
2966,117,2022-06-04,19:00:00,Cancelled,350,38,21,2.1
2967,118,2020-04-20,13:00:00,Completed,50,116,22,1.9
2968,119,2020-03-14,11:00:00,No-Show,100,140,15,1.4
2969,120,2019-04-27,12:00:00,Completed,350,32,43,1.9
2970,121,2019-05-09,17:00:00,Completed,100,58,44,2.4
2971,122,2021-06-09,17:00:00,Completed,50,85,23,2.1
2972,123,2021-05-18,09:00:00,Completed,200,136,42,1.7
2973,124,2019-03-30,12:00:00,No-Show,0,68,41,1.8
2974,125,2022-06-19,18:00:00,Completed,30,172,42,1.2
2975,126,2020-05-15,08:00:00,Completed,0,150,25,2.0
2976,127,2020-04-05,09:00:00,Completed,200,47,10,1.7
2977,128,2020-01-11,15:00:00,Completed,200,35,10,2.2
2978,129,2022-03-31,16:00:00,Completed,350,80,16,1.5
2979,130,2019-04-08,18:00:00,Completed,50,41,39,1.4
2980,131,2022-03-26,17:00:00,Completed,200,55,41,1.5
2981,132,2022-04-09,14:00:00,Completed,0,142,31,1.0
2982,133,2019-06-26,18:00:00,Completed,30,107,8,2.2
2983,134,2022-05-28,10:00:00,Completed,30,113,33,1.9
2984,135,2019-02-01,09:00:00,Completed,50,118,22,1.6
2985,136,2019-02-20,17:00:00,Completed,100,119,14,1.7
2986,137,2021-03-02,13:00:00,Cancelled,350,177,41,1.9
2987,138,2021-01-08,12:00:00,Cancelled,500,155,44,1.0
2988,139,2021-05-17,18:00:00,Completed,200,135,43,1.6
2989,140,2020-03-05,09:00:00,Completed,500,149,29,2.1
2990,141,2020-01-08,16:00:00,Completed,100,132,14,1.6
2991,142,2019-03-15,11:00:00,Completed,30,110,18,2.1
2992,143,2021-01-09,14:00:00,No-Show,30,41,24,2.0
2993,144,2019-05-02,10:00:00,No-Show,350,73,37,1.9
2994,145,2021-05-22,18:00:00,Cancelled,350,144,25,1.5
2995,146,2022-06-07,19:00:00,Completed,350,115,15,1.9
2996,147,2022-06-21,17:00:00,Completed,200,162,33,1.4
2997,148,2022-04-11,10:00:00,Completed,100,80,23,1.0
2998,149,2019-05-30,12:00:00,Completed,500,61,28,2.3
2999,150,2020-05-25,15:00:00,Completed,100,131,13,1.7
3000,151,2021-06-07,14:00:00,Cancelled,350,51,22,1.7
3001,152,2022-05-20,17:00:00,Completed,50,33,25,1.9
3002,1,2019-06-20,17:00:00,Completed,30,132,6,1.4
3003,2,2019-06-21,15:00:00,Completed,30,55,31,1.4
3004,3,2020-05-06,10:00:00,Completed,350,65,25,2.4
3005,4,2020-04-01,18:00:00,Cancelled,50,176,33,1.5
3006,5,2020-04-13,17:00:00,Completed,100,178,40,1.7
3007,6,2019-02-17,11:00:00,No-Show,350,120,23,1.8
3008,7,2020-06-09,10:00:00,Cancelled,50,107,23,1.6
3009,8,2019-04-30,19:00:00,Completed,200,102,12,2.2
3010,9,2020-03-23,11:00:00,Completed,50,95,6,1.6
3011,10,2019-01-31,08:00:00,Cancelled,100,147,32,1.3
3012,11,2020-06-15,18:00:00,Completed,100,84,32,2.3
3013,12,2019-06-14,14:00:00,Completed,350,48,14,1.9
3014,13,2020-03-14,08:00:00,Completed,30,34,9,1.7
3015,14,2021-02-16,19:00:00,Completed,50,112,43,2.0
3016,15,2021-01-09,15:00:00,Completed,500,158,34,2.1
3017,16,2019-04-16,16:00:00,Completed,100,108,12,1.3
3018,17,2020-06-14,15:00:00,Completed,30,125,33,2.3
3019,18,2019-03-18,10:00:00,Cancelled,500,42,24,1.9
3020,19,2019-01-22,10:00:00,Completed,30,97,28,1.1
3021,20,2022-01-04,09:00:00,Cancelled,350,55,39,1.7
3022,21,2022-01-26,15:00:00,Completed,500,59,36,1.2
3023,22,2021-02-16,14:00:00,Completed,0,84,40,1.4
3024,23,2021-03-22,08:00:00,Cancelled,0,144,27,1.0
3025,24,2020-01-12,08:00:00,Completed,350,93,12,2.2
3026,25,2020-05-15,17:00:00,Completed,0,166,40,1.2
3027,26,2021-03-20,15:00:00,Completed,200,88,36,1.3
3028,27,2022-04-12,16:00:00,Completed,30,152,22,2.3
3029,28,2021-02-22,16:00:00,No-Show,350,106,30,1.2
3030,29,2022-02-13,18:00:00,Completed,200,48,39,1.7
3031,30,2022-03-23,13:00:00,Completed,500,149,44,2.0
3032,31,2022-03-10,09:00:00,Completed,100,144,42,1.0
3033,32,2021-04-11,10:00:00,Cancelled,500,118,9,2.2
3034,33,2022-01-10,09:00:00,Completed,30,93,22,2.2
3035,34,2019-06-22,13:00:00,Completed,0,51,13,1.6
3036,35,2019-02-21,10:00:00,Completed,0,160,31,1.7
3037,36,2022-05-03,15:00:00,Completed,500,164,8,1.1
3038,37,2021-02-03,11:00:00,Completed,0,78,40,1.1
3039,38,2021-05-16,17:00:00,Completed,0,136,20,1.9
3040,39,2020-01-07,08:00:00,Completed,50,169,14,2.1
3041,40,2019-03-01,11:00:00,Completed,50,122,16,2.0
3042,41,2019-01-05,16:00:00,No-Show,100,30,38,1.2
3043,42,2019-04-10,13:00:00,No-Show,30,31,13,1.9
3044,43,2021-04-14,18:00:00,Completed,100,47,44,1.3
3045,44,2019-05-01,10:00:00,Completed,30,129,44,1.8
3046,45,2021-05-26,15:00:00,Completed,0,141,36,2.5
3047,46,2021-02-27,12:00:00,Completed,200,59,28,1.1
3048,47,2022-05-06,08:00:00,Completed,200,68,14,2.5
3049,48,2022-04-04,11:00:00,Cancelled,50,115,20,1.5
3050,49,2019-01-25,15:00:00,Completed,50,84,12,1.6
3051,50,2019-02-06,14:00:00,No-Show,500,93,6,1.8
3052,51,2020-02-15,18:00:00,No-Show,30,127,13,2.1
3053,52,2019-01-17,10:00:00,No-Show,100,83,27,1.2
3054,53,2022-04-14,08:00:00,Completed,350,113,8,2.5
3055,54,2021-03-17,17:00:00,Completed,500,160,24,1.0
3056,55,2022-01-16,12:00:00,Completed,30,98,12,2.1
3057,56,2019-04-15,10:00:00,Completed,500,118,22,1.7
3058,57,2020-04-14,13:00:00,Cancelled,50,91,20,1.5
3059,58,2022-03-21,19:00:00,Completed,100,76,38,2.4
3060,59,2019-04-13,14:00:00,Completed,50,179,33,1.0
3061,60,2019-02-22,15:00:00,No-Show,100,75,23,2.2
3062,61,2020-02-07,08:00:00,Completed,500,89,26,1.6
3063,62,2020-05-31,11:00:00,Cancelled,350,35,28,1.5
3064,63,2021-05-07,13:00:00,Cancelled,50,123,11,1.5
3065,64,2020-04-21,16:00:00,Completed,350,54,43,1.9
3066,65,2022-02-17,14:00:00,Cancelled,500,132,24,2.5
3067,66,2021-03-12,15:00:00,Completed,30,75,29,2.5
3068,67,2020-01-09,11:00:00,Cancelled,50,73,23,1.4
3069,68,2020-02-07,17:00:00,No-Show,350,145,17,1.7
3070,69,2022-04-15,11:00:00,No-Show,50,74,10,2.1
3071,70,2022-03-25,12:00:00,Completed,0,133,24,1.5
3072,71,2022-02-24,14:00:00,Completed,350,72,36,1.3
3073,72,2019-01-06,16:00:00,Completed,500,139,35,1.1
3074,73,2021-03-23,13:00:00,Completed,350,69,38,2.1
3075,74,2020-05-02,19:00:00,Cancelled,100,82,27,2.5
3076,75,2021-01-15,17:00:00,Completed,50,64,13,1.1
3077,76,2021-03-11,12:00:00,Completed,50,123,17,1.7
3078,77,2021-05-11,11:00:00,Completed,0,71,13,1.4
3079,78,2019-03-18,18:00:00,Completed,30,60,21,1.8
3080,79,2020-05-02,12:00:00,Completed,30,69,9,1.7
3081,80,2022-04-25,15:00:00,Completed,30,56,24,1.5
3082,81,2022-05-14,09:00:00,No-Show,50,44,10,2.2
3083,82,2019-06-12,08:00:00,Completed,350,166,12,2.4
3084,83,2020-01-08,08:00:00,Completed,100,127,28,2.2
3085,84,2020-02-03,16:00:00,No-Show,500,88,32,1.4
3086,85,2021-06-05,12:00:00,Completed,200,106,35,1.7
3087,86,2022-01-28,18:00:00,Completed,50,139,8,1.4
3088,87,2020-04-15,15:00:00,Completed,350,175,18,2.1
3089,88,2022-03-18,17:00:00,Completed,50,172,25,2.4
3090,89,2020-01-08,12:00:00,Completed,350,144,19,2.5
3091,90,2020-06-16,13:00:00,No-Show,200,147,33,1.8
3092,91,2019-01-01,09:00:00,Completed,0,132,20,2.0
3093,92,2020-05-03,08:00:00,Cancelled,100,81,42,1.7
3094,93,2020-02-07,18:00:00,Completed,50,68,28,1.6
3095,94,2021-02-25,13:00:00,Cancelled,200,144,27,1.4
3096,95,2020-01-01,18:00:00,Cancelled,500,118,30,1.4
3097,96,2020-01-16,11:00:00,Completed,500,77,25,1.4
3098,97,2020-04-20,18:00:00,No-Show,100,30,23,1.2
3099,98,2021-04-06,13:00:00,Completed,30,59,6,2.2
3100,99,2020-04-29,13:00:00,Completed,500,149,8,2.4
3101,100,2020-05-09,15:00:00,No-Show,30,143,5,2.1
3102,101,2021-06-01,11:00:00,Completed,350,78,36,2.0
3103,102,2021-04-16,14:00:00,No-Show,30,117,30,1.2
3104,103,2019-04-05,12:00:00,Completed,100,71,37,1.8
3105,104,2022-04-18,09:00:00,Completed,500,37,14,2.2
3106,105,2021-03-16,19:00:00,No-Show,200,59,7,1.7
3107,106,2019-02-26,17:00:00,No-Show,200,104,9,2.0
3108,107,2019-01-25,19:00:00,Completed,0,81,43,1.2
3109,108,2022-01-16,16:00:00,Completed,200,105,23,1.4
3110,109,2019-03-07,12:00:00,No-Show,50,165,25,2.5
3111,110,2019-01-31,18:00:00,No-Show,50,123,15,2.3
3112,111,2022-02-21,12:00:00,Cancelled,0,87,31,1.1
3113,112,2022-06-20,18:00:00,Completed,500,159,38,1.7
3114,113,2022-04-06,11:00:00,Completed,350,143,30,2.4
3115,114,2020-04-21,09:00:00,Completed,50,75,17,2.3
3116,115,2019-04-26,17:00:00,Completed,0,88,19,2.0
3117,116,2020-03-29,11:00:00,Completed,500,38,39,2.1
3118,117,2020-03-28,19:00:00,Cancelled,0,41,36,1.7
3119,118,2020-03-10,10:00:00,Cancelled,350,132,40,2.0
3120,119,2020-06-10,12:00:00,Cancelled,30,65,13,2.5
3121,120,2019-05-25,18:00:00,No-Show,350,113,38,1.6
3122,121,2020-01-18,18:00:00,Completed,350,72,26,1.6
3123,122,2022-05-31,10:00:00,Completed,50,47,13,1.1
3124,123,2020-04-27,12:00:00,Cancelled,500,64,31,1.6
3125,124,2021-03-11,09:00:00,Completed,350,36,6,1.2
3126,125,2019-02-28,08:00:00,Cancelled,50,111,14,2.3
3127,126,2021-01-11,09:00:00,Completed,350,153,26,2.2
3128,127,2019-01-16,16:00:00,Completed,30,166,41,1.2
3129,128,2019-01-20,13:00:00,Completed,30,77,22,2.3
3130,129,2021-03-27,18:00:00,No-Show,50,50,38,1.5
3131,130,2020-03-20,08:00:00,Completed,0,65,33,1.1
3132,131,2020-01-18,15:00:00,No-Show,350,57,6,2.2
3133,132,2021-05-11,13:00:00,Completed,500,176,36,1.6
3134,133,2021-06-03,12:00:00,Completed,0,78,16,1.5
3135,134,2019-06-06,09:00:00,Completed,350,170,22,1.6
3136,135,2022-03-12,18:00:00,Cancelled,200,152,44,2.0
3137,136,2022-03-29,18:00:00,No-Show,50,107,35,1.1
3138,137,2021-05-10,09:00:00,Completed,500,138,26,1.7
3139,138,2020-03-08,09:00:00,Cancelled,50,124,19,1.8
3140,139,2020-02-07,15:00:00,Completed,0,70,35,1.4
3141,140,2019-06-25,16:00:00,Completed,30,166,14,1.4
3142,141,2020-03-17,15:00:00,Completed,30,159,9,2.4
3143,142,2022-06-26,09:00:00,Cancelled,0,87,20,2.2
3144,143,2021-03-11,10:00:00,Completed,350,64,9,2.0
3145,144,2022-04-30,18:00:00,Cancelled,350,91,24,1.7
3146,145,2021-04-07,15:00:00,Cancelled,50,55,18,1.1
3147,146,2022-02-03,09:00:00,Cancelled,500,121,28,1.6
3148,147,2022-04-18,10:00:00,No-Show,30,160,20,1.9
3149,148,2019-05-27,12:00:00,Cancelled,0,39,22,2.0
3150,149,2020-03-30,18:00:00,No-Show,50,109,22,2.5
3151,150,2022-01-25,18:00:00,Completed,350,87,40,1.0
3152,151,2021-03-15,16:00:00,Completed,200,74,40,2.0
3153,152,2021-05-06,11:00:00,No-Show,200,83,23,2.4
3154,1,2021-03-30,13:00:00,No-Show,30,112,10,2.5
3155,2,2022-02-03,18:00:00,Cancelled,100,48,9,1.0
3156,3,2021-05-15,19:00:00,Completed,30,45,41,2.3
3157,4,2020-05-27,09:00:00,Cancelled,0,162,43,1.9
3158,5,2020-01-11,08:00:00,Completed,50,43,29,1.3
3159,6,2022-03-16,19:00:00,Cancelled,50,146,14,1.4
3160,7,2021-03-10,10:00:00,Completed,100,143,29,1.5
3161,8,2019-02-25,15:00:00,No-Show,0,41,39,1.6
3162,9,2020-03-18,19:00:00,Cancelled,350,163,39,2.2
3163,10,2019-04-06,10:00:00,Completed,200,63,40,1.1
3164,11,2021-04-17,14:00:00,Completed,200,168,20,2.2
3165,12,2019-04-28,19:00:00,Cancelled,100,83,40,1.9
3166,13,2019-02-25,18:00:00,Completed,500,117,9,1.6
3167,14,2021-01-17,19:00:00,Completed,350,168,24,1.2
3168,15,2020-04-16,10:00:00,Completed,350,67,37,1.5
3169,16,2021-02-13,10:00:00,Completed,50,163,25,2.4
3170,17,2020-05-25,11:00:00,Completed,350,135,28,2.4
3171,18,2022-06-29,11:00:00,Cancelled,200,43,35,2.1
3172,19,2020-02-23,15:00:00,Cancelled,500,63,16,2.1
3173,20,2021-02-27,08:00:00,Cancelled,0,175,19,1.9
3174,21,2020-03-15,15:00:00,Completed,350,159,39,1.2
3175,22,2021-02-26,11:00:00,Completed,30,50,42,1.3
3176,23,2021-06-02,15:00:00,Completed,30,111,40,1.3
3177,24,2020-05-22,14:00:00,No-Show,0,93,6,2.2
3178,25,2019-03-05,10:00:00,Cancelled,0,153,34,2.4
3179,26,2020-01-17,15:00:00,Completed,200,69,23,1.3
3180,27,2019-06-06,14:00:00,Completed,30,59,6,1.6
3181,28,2019-01-18,13:00:00,Completed,200,165,26,1.0
3182,29,2019-02-12,16:00:00,No-Show,100,98,23,1.7
3183,30,2021-06-22,15:00:00,No-Show,0,89,36,2.1
3184,31,2021-04-03,10:00:00,Completed,500,177,11,1.3
3185,32,2021-04-30,08:00:00,Completed,350,164,37,2.3
3186,33,2022-05-18,10:00:00,Completed,350,105,37,2.1
3187,34,2019-04-07,09:00:00,Completed,30,38,16,1.7
3188,35,2019-05-30,14:00:00,Completed,200,133,13,2.1
3189,36,2022-02-27,11:00:00,Completed,0,34,39,1.1
3190,37,2021-06-03,10:00:00,Completed,350,35,28,2.0
3191,38,2019-03-22,11:00:00,Completed,0,44,22,1.0
3192,39,2021-04-28,15:00:00,Cancelled,500,102,27,1.0
3193,40,2020-06-01,18:00:00,Completed,50,107,8,2.1
3194,41,2019-04-21,10:00:00,No-Show,350,177,29,1.7
3195,42,2022-02-13,09:00:00,Cancelled,350,156,40,2.4
3196,43,2019-02-03,19:00:00,Completed,350,112,36,2.2
3197,44,2022-04-30,17:00:00,No-Show,500,150,41,1.5
3198,45,2022-06-20,16:00:00,Completed,350,85,14,1.6
3199,46,2019-05-27,17:00:00,Cancelled,350,32,14,2.1
3200,47,2019-02-05,12:00:00,No-Show,350,43,22,2.3
3201,48,2021-04-24,15:00:00,Completed,100,62,26,2.2
3202,49,2022-05-24,15:00:00,Completed,0,34,29,2.2
3203,50,2022-02-16,11:00:00,No-Show,350,46,38,2.4
3204,51,2020-01-03,17:00:00,Completed,50,87,16,2.1
3205,52,2020-05-03,15:00:00,Completed,100,127,17,2.4
3206,53,2021-05-07,17:00:00,Completed,0,117,21,2.1
3207,54,2019-05-02,08:00:00,Completed,100,147,5,1.7
3208,55,2019-01-10,16:00:00,Completed,0,118,40,1.6
3209,56,2020-02-11,19:00:00,Completed,500,46,6,1.4
3210,57,2019-03-29,13:00:00,Completed,500,147,14,2.4
3211,58,2022-04-26,14:00:00,Completed,100,31,39,1.3
3212,59,2022-06-11,08:00:00,No-Show,500,141,15,2.4
3213,60,2022-03-30,11:00:00,Completed,350,81,29,1.1
3214,61,2020-03-14,14:00:00,Completed,30,169,38,2.3
3215,62,2020-01-21,18:00:00,Cancelled,50,91,21,1.7
3216,63,2020-04-22,11:00:00,Cancelled,30,100,35,2.3
3217,64,2021-03-10,08:00:00,No-Show,50,108,39,1.2
3218,65,2022-05-29,10:00:00,Completed,0,80,35,1.8
3219,66,2020-06-04,08:00:00,Completed,200,72,24,1.7
3220,67,2022-01-11,15:00:00,Completed,50,115,9,1.3
3221,68,2020-01-28,19:00:00,Completed,500,56,33,2.3
3222,69,2022-06-02,19:00:00,Completed,0,129,32,1.9
3223,70,2019-02-23,12:00:00,Completed,50,62,23,1.0
3224,71,2019-06-02,15:00:00,Cancelled,200,171,16,2.4
3225,72,2020-03-15,12:00:00,Completed,30,120,29,1.2
3226,73,2021-05-27,13:00:00,Completed,50,76,8,2.1
3227,74,2019-05-20,18:00:00,Completed,30,148,5,1.7
3228,75,2022-03-28,16:00:00,Completed,100,80,32,2.0
3229,76,2020-05-03,08:00:00,Cancelled,50,98,28,1.7
3230,77,2021-04-19,11:00:00,No-Show,100,169,18,2.3
3231,78,2019-05-02,12:00:00,No-Show,200,175,43,1.2
3232,79,2019-05-12,10:00:00,No-Show,30,152,26,1.5
3233,80,2019-06-13,08:00:00,Cancelled,100,96,20,2.4
3234,81,2020-03-26,08:00:00,No-Show,500,157,28,1.2
3235,82,2021-05-14,11:00:00,Completed,100,93,40,1.4
3236,83,2021-03-16,08:00:00,Completed,30,61,36,2.0
3237,84,2019-03-03,16:00:00,No-Show,30,140,12,1.9
3238,85,2022-01-01,11:00:00,No-Show,0,175,32,1.7
3239,86,2019-05-27,12:00:00,Completed,0,116,36,2.0
3240,87,2021-03-25,16:00:00,Completed,100,136,21,1.2
3241,88,2021-04-19,15:00:00,Completed,500,70,15,1.4
3242,89,2021-04-15,11:00:00,Completed,50,135,40,2.2
3243,90,2020-05-10,18:00:00,No-Show,30,103,7,1.4
3244,91,2021-05-06,09:00:00,Completed,500,167,24,1.9
3245,92,2019-02-13,09:00:00,Completed,50,107,37,1.6
3246,93,2021-01-22,09:00:00,Completed,350,39,10,2.1
3247,94,2021-04-23,10:00:00,No-Show,0,52,41,1.8
3248,95,2020-04-26,17:00:00,Cancelled,100,46,25,2.3
3249,96,2020-03-01,11:00:00,Completed,30,177,18,1.7
3250,97,2020-03-15,17:00:00,Completed,500,176,39,1.2
3251,98,2019-06-01,10:00:00,Completed,350,56,14,1.6
3252,99,2021-03-21,10:00:00,Completed,350,112,11,1.9
3253,100,2019-03-29,17:00:00,No-Show,50,177,13,1.2
3254,101,2020-04-13,12:00:00,Completed,30,127,19,2.3
3255,102,2021-05-06,11:00:00,No-Show,50,163,27,1.9
3256,103,2019-05-29,12:00:00,No-Show,200,176,22,1.7
3257,104,2019-05-30,13:00:00,No-Show,50,97,35,1.0
3258,105,2020-01-06,08:00:00,Completed,30,73,25,1.3
3259,106,2020-02-28,17:00:00,Completed,500,35,35,1.2
3260,107,2021-06-04,15:00:00,No-Show,30,178,28,1.8
3261,108,2019-03-15,10:00:00,No-Show,50,138,16,1.3
3262,109,2019-06-13,14:00:00,Completed,50,145,40,2.0
3263,110,2021-01-16,19:00:00,Completed,0,129,24,1.0
3264,111,2019-03-31,13:00:00,Completed,500,124,19,1.8
3265,112,2021-06-17,18:00:00,Completed,500,140,20,1.4
3266,113,2019-06-03,19:00:00,Completed,500,166,17,1.2
3267,114,2019-04-03,11:00:00,No-Show,200,160,40,2.3
3268,115,2022-05-04,13:00:00,Completed,100,39,34,1.4
3269,116,2019-03-26,19:00:00,Completed,500,128,19,1.8
3270,117,2022-04-03,13:00:00,Completed,350,53,18,1.3
3271,118,2022-05-30,15:00:00,Completed,50,127,11,1.6
3272,119,2020-04-11,09:00:00,Completed,350,169,39,1.2
3273,120,2021-05-24,13:00:00,No-Show,100,99,33,1.9
3274,121,2022-01-19,08:00:00,Cancelled,350,158,35,1.2
3275,122,2020-01-05,13:00:00,Completed,50,72,30,1.5
3276,123,2019-01-02,10:00:00,Completed,350,34,32,1.6
3277,124,2021-02-08,19:00:00,Cancelled,30,60,35,1.2
3278,125,2020-01-17,18:00:00,No-Show,350,139,33,2.2
3279,126,2021-01-21,08:00:00,Completed,350,84,32,2.0
3280,127,2022-02-20,11:00:00,Completed,500,152,15,2.0
3281,128,2022-06-12,11:00:00,Completed,30,75,23,1.9
3282,129,2020-03-19,10:00:00,Completed,350,50,22,2.2
3283,130,2022-03-13,11:00:00,Completed,200,128,26,1.9
3284,131,2019-03-25,11:00:00,Cancelled,200,174,25,1.8
3285,132,2019-04-05,11:00:00,No-Show,350,82,16,1.8
3286,133,2020-06-24,13:00:00,Completed,50,74,43,1.6
3287,134,2019-05-12,13:00:00,Completed,30,69,43,2.0
3288,135,2019-03-28,11:00:00,Completed,350,169,14,1.5
3289,136,2022-04-18,12:00:00,No-Show,200,87,40,2.3
3290,137,2021-02-07,16:00:00,No-Show,100,174,11,1.2
3291,138,2021-03-05,08:00:00,No-Show,50,56,20,2.0
3292,139,2020-03-12,13:00:00,Cancelled,500,39,26,1.3
3293,140,2019-03-15,14:00:00,Completed,30,151,10,1.4
3294,141,2022-06-25,14:00:00,Completed,350,41,44,1.7
3295,142,2020-02-25,10:00:00,Completed,30,165,37,1.0
3296,143,2020-02-18,11:00:00,Completed,200,60,43,2.4
3297,144,2020-02-28,18:00:00,Completed,50,100,30,1.1
3298,145,2022-06-22,11:00:00,Cancelled,30,132,37,1.5
3299,146,2021-01-03,17:00:00,Completed,30,86,24,2.1
3300,147,2021-04-16,19:00:00,Completed,30,178,42,2.1
3301,148,2021-02-21,12:00:00,No-Show,50,85,9,1.6
3302,149,2022-05-28,08:00:00,Cancelled,0,174,31,2.1
3303,150,2021-04-24,14:00:00,No-Show,350,39,20,2.4
3304,151,2021-02-28,18:00:00,Cancelled,30,135,17,1.9
3305,152,2021-05-23,10:00:00,Completed,100,156,35,1.1
3306,1,2020-06-16,14:00:00,Completed,200,120,19,2.4
3307,2,2020-05-21,16:00:00,Completed,100,41,43,1.6
3308,3,2021-04-12,13:00:00,No-Show,350,125,20,2.0
3309,4,2022-03-17,18:00:00,Completed,0,142,28,2.1
3310,5,2021-06-16,18:00:00,Cancelled,100,124,44,1.2
3311,6,2020-04-23,17:00:00,Completed,30,98,30,1.6
3312,7,2019-02-04,11:00:00,Cancelled,0,81,16,2.0
3313,8,2021-01-11,12:00:00,Completed,100,138,11,2.3
3314,9,2022-01-16,18:00:00,Completed,200,32,25,1.5
3315,10,2022-06-04,17:00:00,No-Show,200,39,32,1.4
3316,11,2020-01-09,13:00:00,Cancelled,200,64,39,1.1
3317,12,2020-06-20,11:00:00,No-Show,30,114,7,2.1
3318,13,2021-01-12,12:00:00,Completed,100,163,6,2.4
3319,14,2021-06-17,08:00:00,Completed,0,58,17,1.1
3320,15,2021-03-22,17:00:00,Completed,50,87,16,1.4
3321,16,2022-02-25,19:00:00,Completed,350,101,42,1.2
3322,17,2021-05-31,19:00:00,Completed,100,115,32,1.6
3323,18,2019-01-30,08:00:00,Cancelled,100,155,22,2.4
3324,19,2019-05-27,13:00:00,Completed,200,154,34,1.6
3325,20,2019-02-02,11:00:00,No-Show,0,128,24,1.9
3326,21,2022-02-24,17:00:00,Cancelled,50,104,7,2.1
3327,22,2022-02-12,19:00:00,Completed,30,77,41,2.1
3328,23,2020-05-09,09:00:00,Cancelled,350,69,8,1.9
3329,24,2021-03-23,16:00:00,Completed,350,117,17,1.3
3330,25,2021-06-18,15:00:00,Cancelled,0,47,22,2.1
3331,26,2021-01-17,14:00:00,Completed,30,68,33,1.5
3332,27,2021-03-06,09:00:00,Cancelled,0,31,28,2.2
3333,28,2019-06-25,09:00:00,Cancelled,30,165,14,2.0
3334,29,2020-03-02,17:00:00,No-Show,30,149,28,2.2
3335,30,2021-05-26,10:00:00,Completed,50,88,6,1.8
3336,31,2021-04-30,18:00:00,Completed,100,171,28,2.0
3337,32,2021-03-02,16:00:00,No-Show,500,125,23,2.3
3338,33,2020-06-02,14:00:00,Cancelled,30,120,37,1.4
3339,34,2019-05-26,14:00:00,No-Show,500,115,37,1.3
3340,35,2020-05-14,19:00:00,Completed,200,110,15,2.1
3341,36,2022-03-14,19:00:00,Cancelled,0,85,27,1.9
3342,37,2019-01-26,18:00:00,No-Show,50,69,21,1.6
3343,38,2020-03-01,09:00:00,Completed,30,86,23,1.1
3344,39,2020-05-29,09:00:00,Cancelled,50,110,31,2.2
3345,40,2022-05-23,10:00:00,No-Show,50,75,8,1.4
3346,41,2020-03-09,17:00:00,Completed,200,94,34,2.0
3347,42,2020-02-04,16:00:00,No-Show,200,125,28,2.5
3348,43,2022-01-08,08:00:00,Completed,500,170,23,2.3
3349,44,2022-04-10,18:00:00,Cancelled,200,103,8,2.4
3350,45,2021-05-13,19:00:00,No-Show,350,161,19,1.1
3351,46,2021-02-20,11:00:00,Completed,500,52,6,1.7
3352,47,2021-04-06,13:00:00,Completed,500,133,43,1.9
3353,48,2021-05-22,12:00:00,Cancelled,50,73,8,1.4
3354,49,2022-05-23,18:00:00,Cancelled,200,156,5,1.2
3355,50,2021-03-26,17:00:00,Completed,500,102,21,1.2
3356,51,2019-03-05,08:00:00,No-Show,350,93,36,2.3
3357,52,2021-04-01,11:00:00,Completed,500,68,6,2.5
3358,53,2020-02-04,16:00:00,No-Show,0,98,38,1.7
3359,54,2019-06-15,08:00:00,Cancelled,100,139,9,1.5
3360,55,2022-01-20,13:00:00,Cancelled,350,136,7,1.7
3361,56,2019-01-04,11:00:00,Completed,100,174,44,2.2
3362,57,2019-02-20,13:00:00,Completed,50,58,33,1.5
3363,58,2020-06-01,19:00:00,Cancelled,100,171,31,2.4
3364,59,2020-01-30,11:00:00,No-Show,30,165,27,1.0
3365,60,2020-04-05,18:00:00,Completed,500,140,43,2.3
3366,61,2021-05-14,13:00:00,Completed,200,107,44,2.1
3367,62,2021-04-19,09:00:00,Cancelled,500,43,13,1.9
3368,63,2022-05-22,19:00:00,No-Show,50,98,44,1.2
3369,64,2021-01-26,08:00:00,Completed,350,55,5,1.3
3370,65,2020-04-25,12:00:00,Cancelled,500,150,11,1.4
3371,66,2022-05-28,19:00:00,Completed,500,114,13,1.7
3372,67,2021-05-07,14:00:00,Completed,500,176,28,1.5
3373,68,2020-01-07,18:00:00,Completed,100,120,20,1.8
3374,69,2021-04-02,17:00:00,Completed,0,169,43,2.5
3375,70,2019-02-28,16:00:00,No-Show,350,159,36,2.2
3376,71,2020-04-27,09:00:00,Completed,500,88,30,2.3
3377,72,2019-06-18,15:00:00,Cancelled,50,158,6,2.2
3378,73,2019-01-03,10:00:00,No-Show,200,45,19,1.3
3379,74,2020-02-16,12:00:00,Completed,100,78,42,1.4
3380,75,2019-04-10,13:00:00,Completed,0,131,13,2.4
3381,76,2019-02-01,17:00:00,Completed,30,67,41,2.0
3382,77,2020-03-29,18:00:00,Completed,500,152,7,1.3
3383,78,2021-01-19,09:00:00,Completed,200,46,8,1.9
3384,79,2019-04-25,15:00:00,Completed,0,43,43,2.0
3385,80,2020-06-29,19:00:00,Completed,500,141,44,2.3
3386,81,2022-06-04,17:00:00,Completed,200,116,17,2.0
3387,82,2022-03-05,11:00:00,Cancelled,50,159,20,1.5
3388,83,2020-06-14,10:00:00,Completed,30,77,39,2.4
3389,84,2021-01-10,09:00:00,No-Show,50,90,10,2.4
3390,85,2022-01-12,14:00:00,Completed,0,78,28,1.7
3391,86,2020-05-10,11:00:00,Completed,100,48,43,1.3
3392,87,2020-04-15,09:00:00,Cancelled,0,162,39,1.9
3393,88,2022-02-18,15:00:00,Completed,500,81,14,2.3
3394,89,2021-03-06,08:00:00,No-Show,100,37,32,1.1
3395,90,2020-06-01,11:00:00,Completed,50,55,33,1.4
3396,91,2022-05-21,14:00:00,Completed,50,149,43,2.4
3397,92,2020-05-12,18:00:00,Completed,50,119,32,2.0
3398,93,2021-01-27,09:00:00,Completed,50,91,33,1.6
3399,94,2021-03-12,16:00:00,Cancelled,500,85,34,1.6
3400,95,2020-03-11,14:00:00,Completed,50,118,26,2.5
3401,96,2020-05-19,19:00:00,No-Show,0,93,36,1.7
3402,97,2019-02-21,17:00:00,Completed,50,51,36,1.4
3403,98,2020-05-01,17:00:00,Completed,200,164,32,1.6
3404,99,2019-05-25,18:00:00,Completed,500,128,19,2.4
3405,100,2020-01-22,15:00:00,Completed,100,124,9,2.3
3406,101,2021-03-04,15:00:00,Completed,50,120,10,1.3
3407,102,2020-04-29,11:00:00,Completed,100,58,38,1.4
3408,103,2019-01-20,09:00:00,Completed,500,158,22,1.3
3409,104,2022-04-08,12:00:00,Completed,200,68,41,2.1
3410,105,2022-02-14,12:00:00,Completed,350,64,44,2.1
3411,106,2020-01-26,10:00:00,Completed,200,141,25,1.1
3412,107,2021-01-04,16:00:00,Completed,30,94,35,1.9
3413,108,2020-06-18,13:00:00,Cancelled,350,106,44,1.1
3414,109,2022-03-03,18:00:00,Completed,500,171,8,1.9
3415,110,2020-02-03,13:00:00,No-Show,100,43,29,2.4
3416,111,2019-03-15,17:00:00,No-Show,0,69,20,1.4
3417,112,2020-04-28,19:00:00,Completed,200,81,12,2.0
3418,113,2020-02-04,10:00:00,Cancelled,500,59,35,2.0
3419,114,2021-03-08,14:00:00,Cancelled,0,172,30,1.5
3420,115,2020-03-05,09:00:00,Completed,50,104,8,2.3
3421,116,2020-02-08,16:00:00,Completed,350,64,23,1.4
3422,117,2022-02-15,15:00:00,Completed,350,104,7,2.2
3423,118,2019-03-12,18:00:00,Completed,200,133,6,1.5
3424,119,2020-01-18,16:00:00,Cancelled,500,139,8,2.1
3425,120,2021-03-21,15:00:00,Completed,50,177,29,1.1
3426,121,2019-05-02,13:00:00,No-Show,350,75,25,2.4
3427,122,2020-03-07,10:00:00,Cancelled,350,60,37,2.3
3428,123,2020-02-21,16:00:00,No-Show,500,144,8,2.4
3429,124,2020-02-26,13:00:00,No-Show,200,157,34,1.9
3430,125,2019-01-08,08:00:00,Completed,100,64,28,1.4
3431,126,2022-06-19,09:00:00,Cancelled,50,83,26,2.5
3432,127,2019-06-05,15:00:00,Cancelled,350,67,42,2.0
3433,128,2021-06-20,10:00:00,No-Show,30,88,41,1.4
3434,129,2020-04-01,17:00:00,Completed,30,178,23,2.5
3435,130,2021-05-05,11:00:00,Completed,30,119,29,1.2
3436,131,2021-01-08,14:00:00,Completed,100,49,21,2.0
3437,132,2019-03-13,11:00:00,Cancelled,200,76,9,2.4
3438,133,2020-02-07,18:00:00,Cancelled,100,51,16,1.9
3439,134,2021-03-31,11:00:00,Completed,0,103,26,1.7
3440,135,2020-04-23,12:00:00,Completed,30,133,33,1.4
3441,136,2021-05-15,19:00:00,Completed,100,152,17,1.0
3442,137,2021-03-17,16:00:00,Completed,200,85,39,1.6
3443,138,2019-04-11,16:00:00,Cancelled,0,66,20,2.0
3444,139,2020-05-30,11:00:00,Completed,350,115,36,2.5
3445,140,2022-02-21,15:00:00,Completed,50,176,42,1.3
3446,141,2019-04-09,15:00:00,Completed,500,154,10,1.9
3447,142,2022-03-30,13:00:00,Completed,100,39,41,1.7
3448,143,2022-03-28,13:00:00,No-Show,0,38,30,2.0
3449,144,2021-06-05,16:00:00,No-Show,200,164,37,2.4
3450,145,2020-03-11,18:00:00,No-Show,50,122,17,1.6
3451,146,2020-06-13,09:00:00,Completed,500,87,38,1.2
3452,147,2019-02-10,18:00:00,Cancelled,50,156,18,1.4
3453,148,2022-05-13,15:00:00,Completed,350,133,42,1.3
3454,149,2019-02-03,19:00:00,Completed,500,69,29,2.3
3455,150,2019-01-08,14:00:00,Completed,50,176,35,1.3
3456,151,2019-03-12,08:00:00,Cancelled,30,135,15,2.3
3457,152,2019-02-24,08:00:00,Cancelled,100,61,14,2.4
3458,1,2022-02-01,14:00:00,Cancelled,500,62,41,2.2
3459,2,2022-06-08,09:00:00,Completed,50,87,12,1.3
3460,3,2020-03-16,12:00:00,Completed,30,158,19,2.1
3461,4,2020-04-03,11:00:00,Completed,0,50,6,1.7
3462,5,2022-06-10,09:00:00,Cancelled,350,52,7,1.4
3463,6,2020-05-02,11:00:00,Completed,0,94,41,1.1
3464,7,2022-06-10,13:00:00,Completed,500,172,26,1.7
3465,8,2019-02-15,14:00:00,Completed,100,153,19,1.2
3466,9,2022-05-31,16:00:00,Completed,200,93,9,1.9
3467,10,2021-02-18,10:00:00,Completed,500,39,22,1.1
3468,11,2022-04-17,12:00:00,Completed,0,130,9,2.1
3469,12,2021-01-25,12:00:00,No-Show,200,58,32,1.7
3470,13,2020-05-15,08:00:00,Completed,100,80,23,1.5
3471,14,2021-04-27,14:00:00,Completed,100,139,13,2.5
3472,15,2019-03-07,12:00:00,Completed,200,47,5,2.0
3473,16,2019-05-15,18:00:00,Completed,30,55,43,1.9
3474,17,2019-04-17,08:00:00,Completed,0,177,40,1.1
3475,18,2021-05-04,13:00:00,Completed,50,59,15,1.7
3476,19,2021-06-09,15:00:00,Cancelled,350,90,19,1.8
3477,20,2022-04-17,17:00:00,Completed,30,60,19,1.0
3478,21,2021-06-04,10:00:00,No-Show,0,67,29,1.3
3479,22,2019-06-02,08:00:00,No-Show,50,165,39,2.1
3480,23,2021-01-26,12:00:00,Completed,100,38,34,2.0
3481,24,2021-05-11,18:00:00,Completed,100,80,29,1.3
3482,25,2022-03-23,11:00:00,Cancelled,500,102,26,1.9
3483,26,2022-03-30,15:00:00,Completed,0,45,43,1.8
3484,27,2022-01-21,08:00:00,No-Show,100,37,34,1.9
3485,28,2020-03-01,10:00:00,Cancelled,0,168,30,1.7
3486,29,2022-04-30,16:00:00,Cancelled,500,112,44,1.9
3487,30,2019-02-10,11:00:00,Completed,200,145,21,2.0
3488,31,2021-03-10,11:00:00,Cancelled,200,137,40,1.1
3489,32,2021-04-05,16:00:00,Cancelled,0,140,43,2.1
3490,33,2020-05-25,09:00:00,Completed,500,66,12,1.4
3491,34,2022-05-09,11:00:00,Completed,350,159,8,1.9
3492,35,2020-05-23,18:00:00,No-Show,500,67,35,1.5
3493,36,2019-06-15,16:00:00,Cancelled,350,86,19,1.3
3494,37,2022-02-05,18:00:00,Completed,0,107,14,1.1
3495,38,2019-06-26,10:00:00,Completed,0,54,12,1.4
3496,39,2020-02-01,16:00:00,No-Show,50,139,24,1.8
3497,40,2019-01-18,17:00:00,Cancelled,0,142,34,2.3
3498,41,2021-01-19,10:00:00,Completed,100,61,17,1.0
3499,42,2022-06-02,08:00:00,Completed,0,80,20,1.2
3500,43,2019-02-11,10:00:00,Cancelled,350,143,10,2.0
3501,44,2019-01-07,19:00:00,Completed,200,56,9,1.1
3502,45,2022-02-22,18:00:00,Completed,30,81,43,2.3
3503,46,2019-02-02,16:00:00,No-Show,100,68,14,1.6
3504,47,2019-03-05,14:00:00,Completed,350,74,12,2.2
3505,48,2020-04-04,09:00:00,Completed,100,100,34,1.6
3506,49,2021-02-01,15:00:00,Completed,500,101,6,2.2
3507,50,2022-01-16,18:00:00,Completed,0,115,12,1.1
3508,51,2022-01-07,13:00:00,No-Show,0,174,36,2.5
3509,52,2020-01-09,14:00:00,Completed,50,117,41,2.1
3510,53,2020-01-13,09:00:00,Completed,0,62,5,1.7
3511,54,2021-06-27,18:00:00,Cancelled,100,172,33,2.1
3512,55,2020-04-16,18:00:00,Completed,50,121,31,1.7
3513,56,2019-03-13,19:00:00,Completed,50,159,14,1.3
3514,57,2022-02-11,16:00:00,Completed,100,104,28,1.5
3515,58,2022-05-03,09:00:00,Cancelled,50,95,41,2.1
3516,59,2022-01-11,16:00:00,Completed,30,173,8,1.8
3517,60,2022-02-25,12:00:00,Completed,200,68,16,1.8
3518,61,2021-04-07,10:00:00,Completed,500,73,5,2.3
3519,62,2021-04-17,09:00:00,Completed,0,42,16,2.5
3520,63,2022-04-05,16:00:00,Cancelled,30,138,16,2.0
3521,64,2021-06-06,17:00:00,Cancelled,100,171,12,2.3
3522,65,2022-03-07,17:00:00,Completed,350,37,43,2.1
3523,66,2019-04-03,11:00:00,Completed,100,109,35,2.2
3524,67,2020-01-24,16:00:00,Completed,30,177,10,1.0
3525,68,2021-05-30,15:00:00,Cancelled,350,113,24,1.8
3526,69,2022-01-01,13:00:00,Completed,30,119,27,1.1
3527,70,2022-04-01,16:00:00,No-Show,200,122,9,2.3
3528,71,2021-03-25,09:00:00,Cancelled,350,97,13,1.6
3529,72,2022-01-01,13:00:00,Completed,50,30,27,1.4
3530,73,2019-04-06,10:00:00,Completed,500,36,29,1.1
3531,74,2019-02-04,12:00:00,Cancelled,30,85,44,2.3
3532,75,2019-02-23,17:00:00,Cancelled,200,113,32,1.6
3533,76,2022-05-05,12:00:00,Completed,50,146,33,1.1
3534,77,2022-02-23,17:00:00,Completed,200,119,21,2.0
3535,78,2021-06-28,08:00:00,No-Show,50,84,44,1.2
3536,79,2022-01-06,10:00:00,Completed,30,133,17,1.9
3537,80,2020-01-16,14:00:00,Cancelled,350,31,9,1.1
3538,81,2022-06-22,17:00:00,Cancelled,200,59,41,2.0
3539,82,2019-05-17,15:00:00,Completed,0,43,30,2.2
3540,83,2020-01-14,15:00:00,Completed,200,136,38,1.8
3541,84,2020-04-01,12:00:00,Cancelled,200,163,19,1.1
3542,85,2019-03-02,15:00:00,Completed,500,155,16,2.4
3543,86,2022-01-26,15:00:00,No-Show,30,179,16,2.0
3544,87,2020-01-18,10:00:00,Completed,200,79,27,2.0
3545,88,2020-04-30,11:00:00,Cancelled,0,59,5,1.4
3546,89,2020-05-07,12:00:00,Completed,500,112,27,2.1
3547,90,2019-01-31,19:00:00,Completed,100,141,44,1.7
3548,91,2019-05-03,11:00:00,Completed,100,109,20,2.3
3549,92,2022-03-04,19:00:00,Cancelled,500,120,13,2.4
3550,93,2019-06-03,19:00:00,Completed,350,115,16,1.5
3551,94,2022-02-25,18:00:00,Cancelled,350,41,28,1.1
3552,95,2022-06-20,10:00:00,No-Show,50,37,6,1.9
3553,96,2020-03-14,08:00:00,Completed,100,177,29,2.4
3554,97,2020-02-23,14:00:00,No-Show,350,91,40,2.4
3555,98,2022-02-28,08:00:00,Completed,30,87,35,1.9
3556,99,2019-01-21,11:00:00,Cancelled,50,69,26,1.4
3557,100,2022-03-03,14:00:00,Completed,500,99,33,1.2
3558,101,2020-02-21,09:00:00,Completed,100,38,5,1.1
3559,102,2019-01-19,15:00:00,Cancelled,100,37,5,2.2
3560,103,2020-04-07,15:00:00,Completed,30,75,41,1.9
3561,104,2021-05-28,15:00:00,Completed,100,93,23,2.4
3562,105,2022-02-25,18:00:00,Completed,50,105,25,1.6
3563,106,2020-06-08,15:00:00,Completed,0,117,24,1.9
3564,107,2021-03-30,19:00:00,Completed,100,165,13,1.9
3565,108,2022-06-15,19:00:00,Cancelled,30,58,35,1.6
3566,109,2021-02-08,08:00:00,Cancelled,0,168,31,1.7
3567,110,2021-04-10,17:00:00,Completed,0,97,26,2.1
3568,111,2022-03-01,14:00:00,Cancelled,0,107,18,2.5
3569,112,2019-02-03,14:00:00,Cancelled,0,43,43,1.2
3570,113,2021-03-19,16:00:00,Completed,0,85,27,1.4
3571,114,2022-06-05,09:00:00,Completed,500,131,10,1.6
3572,115,2022-06-08,12:00:00,Completed,500,90,18,1.1
3573,116,2022-06-23,12:00:00,Completed,200,96,31,2.4
3574,117,2021-04-11,19:00:00,Completed,350,153,15,1.6
3575,118,2020-04-27,14:00:00,Cancelled,30,92,15,2.4
3576,119,2020-06-13,11:00:00,Completed,100,80,42,1.1
3577,120,2022-01-22,11:00:00,Completed,200,81,31,1.3
3578,121,2020-04-28,08:00:00,Completed,30,33,37,2.4
3579,122,2019-06-04,17:00:00,Completed,500,169,27,2.1
3580,123,2021-01-17,14:00:00,Completed,50,96,35,2.1
3581,124,2021-01-10,09:00:00,Completed,0,66,17,2.0
3582,125,2022-02-09,15:00:00,Cancelled,500,142,25,1.9
3583,126,2022-04-17,14:00:00,Cancelled,50,79,20,2.2
3584,127,2020-03-13,14:00:00,No-Show,500,54,8,2.3
3585,128,2022-02-04,11:00:00,Completed,30,109,7,1.5
3586,129,2021-04-06,13:00:00,Completed,50,172,6,2.0
3587,130,2021-02-24,11:00:00,Cancelled,30,135,13,1.7
3588,131,2020-03-14,14:00:00,Completed,30,87,19,1.7
3589,132,2020-03-23,10:00:00,Completed,100,148,27,1.3
3590,133,2020-01-06,12:00:00,Completed,30,160,16,1.4
3591,134,2019-06-29,12:00:00,Completed,0,38,19,2.0
3592,135,2022-01-18,18:00:00,Completed,30,59,18,1.3
3593,136,2021-04-04,17:00:00,Completed,500,64,39,1.2
3594,137,2020-04-28,13:00:00,Completed,0,79,44,1.5
3595,138,2022-03-25,14:00:00,Cancelled,30,53,40,1.5
3596,139,2019-03-19,09:00:00,Completed,100,117,25,1.1
3597,140,2019-03-16,15:00:00,Completed,30,57,29,1.4
3598,141,2019-01-21,13:00:00,Completed,500,91,10,2.2
3599,142,2022-03-14,08:00:00,Completed,200,147,11,1.8
3600,143,2021-06-07,12:00:00,Cancelled,50,106,20,1.7
3601,144,2021-02-17,19:00:00,Completed,0,104,12,2.3
3602,145,2021-03-10,13:00:00,Completed,30,101,30,1.6
3603,146,2022-06-20,19:00:00,No-Show,0,96,6,1.6
3604,147,2019-04-07,13:00:00,Completed,200,43,6,1.7
3605,148,2019-02-23,10:00:00,Cancelled,100,50,12,1.3
3606,149,2022-02-23,17:00:00,Completed,0,98,26,1.1
3607,150,2022-04-09,13:00:00,Cancelled,100,168,7,1.6
3608,151,2021-05-12,15:00:00,Completed,100,97,43,1.8
3609,152,2019-02-24,18:00:00,No-Show,50,138,28,1.2
3610,1,2020-04-15,15:00:00,Completed,350,88,30,2.3
3611,2,2022-06-22,18:00:00,Completed,0,157,42,1.8
3612,3,2022-04-25,08:00:00,Completed,100,165,19,2.1
3613,4,2019-05-30,15:00:00,Cancelled,200,46,40,1.2
3614,5,2022-01-05,12:00:00,No-Show,200,73,29,1.3
3615,6,2019-02-04,14:00:00,Completed,0,73,27,1.8
3616,7,2019-05-15,15:00:00,Cancelled,0,172,28,1.2
3617,8,2021-02-19,15:00:00,Completed,30,87,5,1.7
3618,9,2020-05-26,18:00:00,No-Show,30,95,9,2.2
3619,10,2019-05-29,12:00:00,Completed,100,125,32,1.7
3620,11,2019-05-29,09:00:00,Cancelled,200,39,15,1.7
3621,12,2021-04-25,08:00:00,No-Show,50,158,23,1.9
3622,13,2020-06-17,10:00:00,Completed,50,35,34,1.9
3623,14,2020-01-13,11:00:00,Completed,100,131,9,2.4
3624,15,2019-02-26,18:00:00,No-Show,0,99,6,1.4
3625,16,2022-01-13,14:00:00,Completed,50,80,35,1.6
3626,17,2020-04-25,17:00:00,Completed,200,113,30,1.9
3627,18,2019-03-01,15:00:00,Completed,350,158,43,2.3
3628,19,2019-03-23,19:00:00,Completed,0,147,36,2.4
3629,20,2022-05-05,15:00:00,Completed,100,53,34,1.4
3630,21,2021-05-21,19:00:00,Completed,200,83,25,2.4
3631,22,2022-02-16,19:00:00,Completed,350,167,18,1.3
3632,23,2022-03-15,18:00:00,Cancelled,0,165,6,1.7
3633,24,2020-03-24,19:00:00,Completed,200,62,30,2.2
3634,25,2022-04-19,16:00:00,Completed,500,87,8,2.2
3635,26,2019-03-24,15:00:00,Cancelled,200,137,37,1.4
3636,27,2022-04-23,16:00:00,Completed,0,156,32,1.5
3637,28,2022-01-09,08:00:00,Cancelled,30,164,43,1.8
3638,29,2020-02-25,10:00:00,Completed,350,173,18,1.7
3639,30,2022-03-18,15:00:00,Cancelled,500,151,39,1.8
3640,31,2020-01-17,13:00:00,Cancelled,0,87,41,1.7
3641,32,2019-03-28,14:00:00,Completed,200,105,38,1.1
3642,33,2019-04-03,12:00:00,Completed,500,99,36,1.2
3643,34,2020-02-27,17:00:00,Completed,200,54,26,2.1
3644,35,2019-01-26,15:00:00,Completed,100,54,43,1.4
3645,36,2022-01-29,19:00:00,Cancelled,30,152,39,2.0
3646,37,2022-02-16,14:00:00,Completed,500,134,43,2.3
3647,38,2020-02-23,12:00:00,Completed,350,117,24,2.2
3648,39,2019-01-30,09:00:00,Completed,100,77,23,1.9
3649,40,2019-05-27,19:00:00,No-Show,100,131,8,1.4
3650,41,2021-05-14,11:00:00,Completed,0,176,8,1.3
3651,42,2022-03-03,08:00:00,Cancelled,350,174,34,1.7
3652,43,2022-03-25,14:00:00,Completed,100,82,31,1.1
3653,44,2021-06-26,17:00:00,Completed,50,179,23,1.0
3654,45,2022-04-13,12:00:00,Cancelled,50,53,15,1.4
3655,46,2019-01-17,17:00:00,Cancelled,500,72,25,2.1
3656,47,2022-05-04,09:00:00,Completed,200,110,32,2.0
3657,48,2020-05-13,13:00:00,Cancelled,350,40,11,2.0
3658,49,2020-05-07,11:00:00,Completed,0,34,35,1.0
3659,50,2019-06-04,13:00:00,Completed,50,144,22,1.9
3660,51,2021-04-30,15:00:00,Completed,50,79,7,2.4
3661,52,2022-03-15,08:00:00,Cancelled,350,117,33,1.1
3662,53,2021-06-06,19:00:00,Completed,30,123,43,1.9
3663,54,2020-05-27,08:00:00,Completed,500,110,30,2.4
3664,55,2019-05-15,19:00:00,No-Show,200,159,29,2.1
3665,56,2022-03-30,13:00:00,No-Show,500,71,23,1.2
3666,57,2019-04-29,09:00:00,Cancelled,100,118,7,2.4
3667,58,2021-05-10,08:00:00,Cancelled,350,118,29,1.3
3668,59,2020-05-13,11:00:00,No-Show,350,32,36,2.4
3669,60,2021-01-28,11:00:00,Completed,50,74,9,1.4
3670,61,2020-04-29,10:00:00,No-Show,0,74,36,2.2
3671,62,2019-02-14,13:00:00,Cancelled,350,75,8,2.1
3672,63,2020-04-22,10:00:00,Cancelled,100,173,11,2.4
3673,64,2022-03-24,18:00:00,Cancelled,500,134,26,1.3
3674,65,2021-04-30,13:00:00,No-Show,200,143,31,1.2
3675,66,2020-03-17,16:00:00,Completed,200,119,32,2.0
3676,67,2020-02-21,14:00:00,Completed,200,140,41,1.0
3677,68,2019-01-26,11:00:00,Cancelled,500,95,20,1.9
3678,69,2020-01-25,18:00:00,Completed,200,122,14,2.3
3679,70,2020-02-23,16:00:00,Cancelled,350,107,43,2.2
3680,71,2020-05-24,09:00:00,Completed,100,159,33,1.4
3681,72,2022-02-18,10:00:00,Completed,200,105,21,2.1
3682,73,2020-01-31,11:00:00,Completed,0,123,20,2.2
3683,74,2021-04-01,17:00:00,Completed,30,134,15,1.1
3684,75,2020-02-05,09:00:00,Completed,350,43,27,1.3
3685,76,2019-03-01,14:00:00,Completed,100,167,13,2.1
3686,77,2019-04-26,18:00:00,Cancelled,500,178,25,2.4
3687,78,2019-03-17,13:00:00,Completed,350,174,28,2.1
3688,79,2021-04-26,17:00:00,Completed,30,85,25,2.2
3689,80,2022-04-25,15:00:00,Completed,30,79,36,1.0
3690,81,2019-06-03,16:00:00,Cancelled,50,108,32,1.9
3691,82,2019-06-22,15:00:00,Completed,350,44,17,1.3
3692,83,2020-05-11,14:00:00,Completed,50,91,21,2.2
3693,84,2020-06-15,10:00:00,Completed,100,102,16,1.9
3694,85,2019-06-09,16:00:00,Cancelled,500,105,10,2.0
3695,86,2022-04-19,09:00:00,Completed,350,155,19,1.5
3696,87,2022-01-15,17:00:00,Completed,0,61,31,2.2
3697,88,2022-01-26,12:00:00,Cancelled,30,62,6,2.1
3698,89,2019-03-27,15:00:00,Cancelled,200,148,28,1.3
3699,90,2021-05-15,11:00:00,Completed,350,178,43,2.3
3700,91,2020-05-10,19:00:00,Completed,500,79,33,1.0
3701,92,2019-04-24,08:00:00,No-Show,500,89,34,1.9
3702,93,2022-04-08,19:00:00,No-Show,200,129,27,2.2
3703,94,2022-05-18,10:00:00,Completed,350,168,14,2.0
3704,95,2022-02-07,13:00:00,Cancelled,500,85,25,2.1
3705,96,2019-02-01,13:00:00,Cancelled,50,110,20,1.8
3706,97,2021-02-18,15:00:00,No-Show,350,78,21,1.7
3707,98,2019-03-18,14:00:00,Cancelled,500,127,23,1.5
3708,99,2020-05-17,11:00:00,Completed,100,96,24,1.9
3709,100,2021-02-25,14:00:00,Cancelled,350,129,35,2.1
3710,101,2022-06-10,12:00:00,Completed,200,71,39,1.3
3711,102,2020-05-20,08:00:00,Completed,100,138,26,2.4
3712,103,2021-05-19,18:00:00,Cancelled,30,43,41,1.2
3713,104,2019-02-10,17:00:00,Completed,200,153,21,2.2
3714,105,2020-04-04,18:00:00,Cancelled,350,52,38,1.4
3715,106,2020-01-23,19:00:00,No-Show,100,72,43,1.2
3716,107,2021-06-07,14:00:00,Completed,200,171,28,2.1
3717,108,2020-05-09,10:00:00,Completed,200,150,38,1.1
3718,109,2019-05-30,11:00:00,Completed,200,169,11,2.0
3719,110,2019-01-08,19:00:00,Completed,0,147,10,1.8
3720,111,2020-05-27,12:00:00,Cancelled,200,158,16,2.3
3721,112,2021-02-02,13:00:00,No-Show,0,84,28,1.5
3722,113,2019-05-30,18:00:00,Completed,100,176,29,1.4
3723,114,2019-02-17,17:00:00,Completed,50,67,41,1.1
3724,115,2021-05-03,13:00:00,Completed,0,100,30,2.3
3725,116,2019-02-07,18:00:00,Completed,200,88,11,1.8
3726,117,2022-02-28,09:00:00,Completed,200,95,6,2.0
3727,118,2021-03-20,09:00:00,Completed,200,104,28,1.4
3728,119,2020-01-31,14:00:00,Cancelled,500,179,28,2.3
3729,120,2019-01-12,11:00:00,Completed,50,154,16,2.1
3730,121,2019-05-01,17:00:00,Cancelled,200,129,32,1.6
3731,122,2021-06-20,08:00:00,Completed,100,103,6,1.2
3732,123,2022-03-06,13:00:00,No-Show,500,140,34,1.9
3733,124,2021-02-22,18:00:00,Cancelled,30,55,10,1.5
3734,125,2021-01-21,13:00:00,Cancelled,200,67,38,1.2
3735,126,2020-06-27,16:00:00,No-Show,100,38,31,2.2
3736,127,2021-06-02,08:00:00,Completed,500,53,36,1.1
3737,128,2021-01-04,19:00:00,Completed,500,60,35,1.6
3738,129,2021-04-01,17:00:00,Completed,100,115,21,1.2
3739,130,2021-01-26,11:00:00,Completed,100,32,15,2.4
3740,131,2021-01-09,13:00:00,No-Show,200,128,14,2.5
3741,132,2022-06-09,17:00:00,Completed,200,148,7,1.5
3742,133,2022-04-11,17:00:00,No-Show,30,159,31,1.0
3743,134,2019-01-17,09:00:00,Completed,100,74,21,1.2
3744,135,2019-06-19,18:00:00,Completed,30,150,31,1.6
3745,136,2019-06-15,15:00:00,No-Show,0,36,15,1.1
3746,137,2022-03-22,14:00:00,Cancelled,350,115,18,1.2
3747,138,2021-03-16,18:00:00,Cancelled,0,135,10,1.7
3748,139,2022-04-24,18:00:00,Cancelled,350,122,39,2.2
3749,140,2022-05-23,19:00:00,No-Show,500,59,41,2.3
3750,141,2021-01-09,13:00:00,Completed,0,71,21,2.5
3751,142,2022-04-16,09:00:00,Cancelled,30,35,34,2.3
3752,143,2019-06-27,12:00:00,Completed,0,160,6,1.2
3753,144,2021-03-25,15:00:00,No-Show,500,56,17,1.7
3754,145,2020-03-18,19:00:00,No-Show,500,141,42,2.2
3755,146,2019-01-03,14:00:00,Completed,30,61,11,1.1
3756,147,2019-03-30,08:00:00,Completed,200,35,25,2.0
3757,148,2019-04-17,09:00:00,Completed,200,66,20,2.4
3758,149,2019-04-08,14:00:00,Completed,50,98,7,2.3
3759,150,2019-06-26,18:00:00,Completed,50,105,6,1.3
3760,151,2020-03-08,11:00:00,Completed,500,62,29,1.8
3761,152,2019-02-06,19:00:00,Completed,200,74,10,1.9
3762,1,2022-06-01,14:00:00,No-Show,30,96,23,1.5
3763,2,2021-06-22,14:00:00,Completed,50,133,5,2.3
3764,3,2022-02-15,09:00:00,Cancelled,350,160,21,1.1
3765,4,2021-06-12,16:00:00,Completed,0,130,22,1.2
3766,5,2022-06-21,13:00:00,Completed,200,54,29,1.2
3767,6,2022-03-14,11:00:00,Completed,350,119,32,2.1
3768,7,2021-05-15,13:00:00,Completed,50,134,18,1.5
3769,8,2022-03-10,10:00:00,Completed,30,103,41,2.4
3770,9,2020-06-01,12:00:00,No-Show,350,67,22,1.4
3771,10,2021-03-01,14:00:00,Completed,350,145,14,1.3
3772,11,2019-01-01,10:00:00,Completed,500,90,16,1.1
3773,12,2021-04-18,13:00:00,No-Show,200,154,6,2.4
3774,13,2019-04-17,12:00:00,No-Show,350,127,24,1.5
3775,14,2021-03-23,11:00:00,Completed,350,139,8,2.2
3776,15,2020-04-01,16:00:00,Completed,30,78,18,1.2
3777,16,2021-01-05,15:00:00,No-Show,30,100,32,1.4
3778,17,2019-06-10,12:00:00,No-Show,100,79,38,1.7
3779,18,2021-05-21,14:00:00,Completed,200,79,9,2.1
3780,19,2022-01-23,17:00:00,Cancelled,350,143,28,1.0
3781,20,2020-01-16,09:00:00,Completed,200,77,19,1.6
3782,21,2022-04-07,14:00:00,Completed,0,108,34,1.2
3783,22,2021-01-21,17:00:00,Cancelled,0,79,31,2.2
3784,23,2020-05-13,10:00:00,Cancelled,50,144,10,1.4
3785,24,2021-05-24,19:00:00,Cancelled,350,42,37,2.3
3786,25,2019-01-26,14:00:00,Completed,50,97,42,1.1
3787,26,2020-02-18,14:00:00,Completed,100,170,7,1.1
3788,27,2019-02-14,09:00:00,Completed,0,74,24,2.4
3789,28,2022-05-03,18:00:00,Completed,500,103,27,2.1
3790,29,2019-05-04,10:00:00,Cancelled,500,107,16,1.2
3791,30,2021-05-11,09:00:00,Completed,0,127,30,2.0
3792,31,2019-02-16,11:00:00,Completed,350,174,40,1.8
3793,32,2021-02-06,12:00:00,Completed,500,49,28,1.4
3794,33,2019-03-04,13:00:00,Completed,50,134,29,1.8
3795,34,2022-06-24,08:00:00,No-Show,100,59,30,1.2
3796,35,2019-06-10,13:00:00,Completed,200,42,15,1.8
3797,36,2020-02-01,08:00:00,Completed,500,88,17,2.4
3798,37,2021-02-26,14:00:00,Completed,0,169,22,1.2
3799,38,2021-03-13,12:00:00,Completed,0,72,13,1.2
3800,39,2020-03-31,08:00:00,Completed,350,94,8,2.0
3801,40,2020-05-09,08:00:00,Completed,500,39,40,2.5
3802,41,2021-03-21,11:00:00,Completed,500,84,8,1.1
3803,42,2022-01-10,08:00:00,Completed,50,172,24,2.3
3804,43,2021-04-05,17:00:00,No-Show,0,83,14,2.2
3805,44,2020-06-01,09:00:00,Completed,200,165,26,1.8
3806,45,2020-01-29,17:00:00,Completed,200,72,40,2.0
3807,46,2022-04-20,08:00:00,Completed,350,150,17,2.1
3808,47,2019-01-13,09:00:00,Completed,30,95,43,1.5
3809,48,2021-05-11,10:00:00,Cancelled,30,86,41,1.7
3810,49,2020-04-08,16:00:00,Completed,30,82,38,2.1
3811,50,2022-01-17,15:00:00,Completed,100,170,38,1.5
3812,51,2021-01-18,13:00:00,Cancelled,350,39,24,1.1
3813,52,2020-06-19,09:00:00,No-Show,100,54,9,1.1
3814,53,2021-01-06,12:00:00,Completed,50,113,40,2.2
3815,54,2022-05-27,08:00:00,Completed,30,131,14,2.5
3816,55,2021-02-12,18:00:00,Completed,100,40,13,2.0
3817,56,2022-03-09,16:00:00,Completed,200,148,31,1.6
3818,57,2021-05-08,16:00:00,Completed,30,66,28,2.0
3819,58,2019-01-07,13:00:00,Cancelled,30,149,27,1.9
3820,59,2021-02-23,08:00:00,Cancelled,0,117,26,2.1
3821,60,2019-04-17,13:00:00,Completed,350,149,23,1.6
3822,61,2021-05-02,18:00:00,No-Show,200,109,35,1.4
3823,62,2019-02-17,10:00:00,Completed,200,63,36,1.9
3824,63,2019-03-16,10:00:00,Completed,0,63,8,2.3
3825,64,2021-01-30,08:00:00,No-Show,100,35,37,2.0
3826,65,2019-06-26,13:00:00,No-Show,0,178,39,2.4
3827,66,2022-05-23,18:00:00,Completed,0,174,34,1.5
3828,67,2020-05-19,12:00:00,Cancelled,100,152,20,1.1
3829,68,2019-01-26,11:00:00,Completed,0,69,28,1.8
3830,69,2021-02-16,17:00:00,Completed,350,113,9,1.4
3831,70,2022-04-08,19:00:00,Completed,350,86,37,1.4
3832,71,2021-03-03,12:00:00,Completed,350,87,34,1.3
3833,72,2021-05-14,08:00:00,Completed,100,41,25,1.5
3834,73,2021-04-26,17:00:00,Completed,500,150,13,2.4
3835,74,2022-03-04,11:00:00,Completed,100,124,19,2.1
3836,75,2020-05-15,19:00:00,Completed,100,93,23,2.1
3837,76,2021-03-27,12:00:00,Completed,200,165,21,1.7
3838,77,2022-01-31,12:00:00,Cancelled,30,79,34,1.5
3839,78,2022-06-24,16:00:00,Completed,200,103,34,1.1
3840,79,2021-05-06,11:00:00,Cancelled,0,93,17,1.5
3841,80,2021-02-23,18:00:00,Cancelled,100,40,13,1.5
3842,81,2021-01-12,12:00:00,Completed,50,85,36,1.6
3843,82,2020-05-09,13:00:00,Cancelled,200,130,30,1.1
3844,83,2019-01-21,08:00:00,Cancelled,350,121,21,2.4
3845,84,2021-03-27,08:00:00,No-Show,50,171,9,1.7
3846,85,2021-06-22,13:00:00,No-Show,100,40,14,1.9
3847,86,2019-04-01,13:00:00,Completed,200,164,16,1.9
3848,87,2022-02-21,18:00:00,Completed,100,141,38,1.2
3849,88,2020-05-10,12:00:00,Cancelled,0,91,29,2.3
3850,89,2022-06-10,13:00:00,Completed,100,165,20,2.3
3851,90,2021-02-12,18:00:00,Completed,30,154,11,1.4
3852,91,2020-06-24,17:00:00,No-Show,100,61,37,1.6
3853,92,2021-06-01,11:00:00,Completed,30,97,30,1.5
3854,93,2019-03-03,13:00:00,Completed,200,90,41,1.5
3855,94,2022-01-28,11:00:00,Completed,100,179,8,1.2
3856,95,2020-04-23,18:00:00,No-Show,0,80,8,1.1
3857,96,2019-01-05,12:00:00,Cancelled,100,157,32,2.5
3858,97,2019-02-08,17:00:00,Completed,500,56,20,2.1
3859,98,2021-05-04,13:00:00,Completed,100,168,39,1.1
3860,99,2019-03-22,18:00:00,Cancelled,100,60,9,1.8
3861,100,2021-04-15,17:00:00,Completed,200,91,31,2.1
3862,101,2020-05-07,13:00:00,Completed,50,176,37,1.5
3863,102,2019-06-17,08:00:00,Cancelled,30,95,10,2.3
3864,103,2021-05-29,13:00:00,Completed,50,34,25,1.7
3865,104,2019-06-07,09:00:00,No-Show,200,95,9,2.2
3866,105,2019-03-15,18:00:00,Completed,500,85,9,2.5
3867,106,2022-04-10,12:00:00,No-Show,30,106,42,1.1
3868,107,2022-02-14,18:00:00,Completed,30,132,29,1.7
3869,108,2022-03-31,09:00:00,Completed,100,116,14,2.3
3870,109,2021-01-13,19:00:00,Completed,50,101,22,2.5
3871,110,2019-02-22,19:00:00,Completed,0,158,10,1.4
3872,111,2021-03-06,12:00:00,Cancelled,350,68,24,2.5
3873,112,2020-05-19,12:00:00,Completed,50,108,12,1.5
3874,113,2019-03-05,16:00:00,Completed,30,38,42,2.3
3875,114,2022-04-18,11:00:00,Completed,100,31,18,1.2
3876,115,2019-05-18,18:00:00,Completed,50,177,17,1.5
3877,116,2022-06-05,09:00:00,Completed,100,139,41,1.8
3878,117,2021-02-27,16:00:00,Completed,0,61,41,2.2
3879,118,2022-04-02,13:00:00,Cancelled,100,111,13,1.7
3880,119,2022-04-23,13:00:00,Completed,100,61,39,1.2
3881,120,2022-04-21,18:00:00,Completed,350,124,40,1.6
3882,121,2021-02-23,12:00:00,No-Show,0,118,26,2.1
3883,122,2022-05-25,11:00:00,Cancelled,0,115,33,2.3
3884,123,2021-01-06,12:00:00,No-Show,100,165,36,2.2
3885,124,2020-06-07,11:00:00,No-Show,0,165,6,2.1
3886,125,2021-04-05,10:00:00,Completed,350,66,26,2.3
3887,126,2019-04-08,19:00:00,Completed,200,74,11,2.3
3888,127,2020-03-28,18:00:00,No-Show,30,122,14,2.5
3889,128,2022-06-04,16:00:00,Completed,200,62,9,1.2
3890,129,2022-01-27,12:00:00,Completed,30,117,23,1.2
3891,130,2022-04-17,13:00:00,Completed,100,124,11,1.3
3892,131,2019-01-16,09:00:00,Cancelled,30,72,10,1.3
3893,132,2019-02-09,16:00:00,Completed,500,174,16,1.2
3894,133,2022-01-14,10:00:00,Cancelled,500,74,18,2.2
3895,134,2022-05-20,09:00:00,Completed,200,125,43,2.3
3896,135,2020-02-23,09:00:00,No-Show,100,51,25,2.5
3897,136,2019-05-09,15:00:00,Cancelled,50,158,6,1.5
3898,137,2020-04-29,19:00:00,Completed,50,67,28,1.8
3899,138,2020-03-28,15:00:00,Completed,500,174,37,1.4
3900,139,2021-05-06,16:00:00,Completed,50,42,7,1.5
3901,140,2022-04-03,14:00:00,Completed,200,162,41,2.3
3902,141,2020-01-11,16:00:00,Completed,30,109,22,2.4
3903,142,2020-01-26,14:00:00,Cancelled,30,64,6,2.3
3904,143,2020-03-11,19:00:00,Completed,0,73,37,1.7
3905,144,2019-05-28,12:00:00,No-Show,0,94,37,2.5
3906,145,2019-03-05,15:00:00,Cancelled,30,35,16,1.9
3907,146,2022-04-09,16:00:00,No-Show,200,148,6,1.4
3908,147,2022-06-21,12:00:00,Cancelled,0,88,27,1.5
3909,148,2019-01-29,12:00:00,Completed,50,81,16,2.3
3910,149,2019-01-19,11:00:00,Cancelled,0,174,25,2.0
3911,150,2021-01-05,08:00:00,Completed,30,51,30,1.5
3912,151,2019-02-28,15:00:00,Completed,50,117,19,1.4
3913,152,2022-05-25,13:00:00,Completed,350,89,42,2.5
3914,1,2020-01-29,17:00:00,Completed,500,124,10,1.9
3915,2,2020-01-10,16:00:00,Completed,350,110,35,1.1
3916,3,2020-03-08,09:00:00,Completed,0,127,9,1.9
3917,4,2019-03-24,10:00:00,Completed,30,94,29,2.4
3918,5,2021-05-23,19:00:00,Cancelled,350,177,16,1.5
3919,6,2021-04-25,14:00:00,Completed,50,129,27,1.9
3920,7,2022-06-02,08:00:00,Completed,350,164,5,1.9
3921,8,2019-04-14,08:00:00,Completed,350,154,20,1.4
3922,9,2019-03-27,14:00:00,Completed,50,174,11,2.0
3923,10,2021-03-15,12:00:00,No-Show,30,87,5,1.2
3924,11,2022-05-21,09:00:00,Completed,500,64,9,1.2
3925,12,2022-06-05,16:00:00,Completed,500,88,42,2.0
3926,13,2020-01-20,10:00:00,Completed,0,62,37,2.0
3927,14,2019-01-01,10:00:00,Cancelled,30,105,26,2.1
3928,15,2021-01-16,13:00:00,Cancelled,500,128,18,2.1
3929,16,2021-06-28,12:00:00,Completed,200,148,41,1.6
3930,17,2022-02-26,08:00:00,No-Show,30,121,39,1.6
3931,18,2020-05-17,14:00:00,Cancelled,100,126,6,2.1
3932,19,2020-04-26,18:00:00,No-Show,50,133,15,1.9
3933,20,2022-04-27,16:00:00,Completed,100,170,26,1.2
3934,21,2019-04-26,16:00:00,Completed,50,60,33,2.2
3935,22,2019-02-16,12:00:00,Completed,500,76,44,2.0
3936,23,2019-03-28,14:00:00,Completed,30,94,9,2.3
3937,24,2020-03-19,11:00:00,Completed,30,60,36,1.3
3938,25,2019-06-21,19:00:00,Completed,50,140,24,1.8
3939,26,2019-01-04,10:00:00,Completed,30,145,13,1.9
3940,27,2021-02-05,11:00:00,Completed,200,87,23,1.4
3941,28,2020-04-06,15:00:00,Cancelled,30,151,35,1.4
3942,29,2019-06-04,19:00:00,Completed,30,45,27,1.6
3943,30,2019-01-08,17:00:00,Cancelled,200,30,13,1.5
3944,31,2021-05-12,19:00:00,No-Show,100,114,22,2.3
3945,32,2022-02-01,16:00:00,Completed,0,93,24,1.3
3946,33,2021-03-25,17:00:00,Completed,30,149,7,2.4
3947,34,2022-06-23,11:00:00,Completed,30,159,26,2.3
3948,35,2022-01-02,19:00:00,Completed,30,114,34,1.3
3949,36,2021-01-21,15:00:00,Cancelled,0,159,41,2.3
3950,37,2019-01-12,18:00:00,Cancelled,100,164,15,2.5
3951,38,2022-06-14,14:00:00,Completed,500,51,37,2.3
3952,39,2022-05-01,11:00:00,Completed,100,129,38,1.3
3953,40,2019-03-12,08:00:00,Completed,100,112,28,1.2
3954,41,2019-05-28,14:00:00,Completed,30,45,44,1.3
3955,42,2020-01-10,16:00:00,Cancelled,0,175,25,2.3
3956,43,2020-05-02,18:00:00,Completed,350,67,26,1.4
3957,44,2021-05-06,09:00:00,No-Show,100,166,36,2.5
3958,45,2021-03-06,14:00:00,Completed,0,109,9,1.4
3959,46,2019-02-01,16:00:00,No-Show,30,35,11,2.5
3960,47,2021-03-28,12:00:00,Cancelled,200,136,18,1.2
3961,48,2020-05-13,13:00:00,Completed,30,105,20,2.4
3962,49,2022-02-02,19:00:00,Completed,200,131,31,1.0
3963,50,2022-01-08,18:00:00,Completed,30,154,12,1.1
3964,51,2022-06-29,12:00:00,Completed,200,179,28,2.4
3965,52,2020-05-06,16:00:00,Completed,30,72,37,1.9
3966,53,2019-01-14,09:00:00,No-Show,100,78,17,1.0
3967,54,2019-02-14,15:00:00,Completed,50,149,28,2.4
3968,55,2021-02-20,12:00:00,Completed,50,164,12,1.5
3969,56,2020-06-07,08:00:00,Cancelled,30,51,14,1.9
3970,57,2020-05-22,15:00:00,Completed,200,41,12,1.9
3971,58,2022-01-17,14:00:00,No-Show,0,97,5,1.5
3972,59,2020-03-08,15:00:00,Completed,50,138,18,1.6
3973,60,2019-05-10,14:00:00,No-Show,200,75,7,1.1
3974,61,2022-01-10,12:00:00,Cancelled,100,127,21,1.4
3975,62,2020-03-21,18:00:00,Completed,500,151,29,1.2
3976,63,2022-05-11,19:00:00,Cancelled,350,115,24,1.9
3977,64,2019-06-13,19:00:00,Completed,0,47,26,1.8
3978,65,2020-01-05,08:00:00,Completed,350,107,9,1.6
3979,66,2020-02-24,15:00:00,Completed,100,32,17,1.9
3980,67,2019-06-13,12:00:00,Completed,30,107,15,1.3
3981,68,2020-01-29,11:00:00,No-Show,100,150,22,1.4
3982,69,2019-06-22,18:00:00,No-Show,100,44,31,1.2
3983,70,2021-02-02,16:00:00,Completed,100,177,33,1.6
3984,71,2022-01-03,18:00:00,No-Show,350,43,36,1.2
3985,72,2020-01-14,16:00:00,Completed,500,45,7,2.2
3986,73,2020-06-10,15:00:00,Completed,50,108,23,1.1
3987,74,2020-03-06,11:00:00,No-Show,0,150,21,1.7
3988,75,2022-03-08,08:00:00,No-Show,350,128,34,1.2
3989,76,2019-05-28,12:00:00,No-Show,0,140,18,2.5
3990,77,2021-05-11,17:00:00,No-Show,500,53,17,2.4
3991,78,2019-05-04,12:00:00,No-Show,350,128,27,1.6
3992,79,2021-02-25,12:00:00,Completed,100,141,18,1.6
3993,80,2021-05-14,12:00:00,No-Show,0,50,28,2.4
3994,81,2021-01-29,18:00:00,No-Show,50,44,11,2.2
3995,82,2022-05-19,18:00:00,No-Show,30,158,33,1.8
3996,83,2020-05-23,19:00:00,No-Show,30,147,28,2.1
3997,84,2022-06-20,15:00:00,Completed,350,117,10,2.5
3998,85,2020-05-10,08:00:00,Completed,0,37,35,2.1
3999,86,2019-06-20,19:00:00,Completed,50,53,7,1.6
4000,87,2019-05-24,17:00:00,Completed,500,179,27,1.0
4001,88,2019-02-24,16:00:00,Cancelled,50,137,29,2.4
4002,89,2019-02-21,16:00:00,No-Show,30,52,23,1.3
4003,90,2020-02-03,15:00:00,No-Show,30,149,16,1.1
4004,91,2021-03-28,19:00:00,Completed,100,79,18,2.2
4005,92,2019-01-31,17:00:00,Cancelled,200,167,13,2.4
4006,93,2020-02-26,16:00:00,Cancelled,50,42,27,1.4
4007,94,2021-03-02,17:00:00,Completed,200,172,37,1.1
4008,95,2022-06-23,12:00:00,No-Show,0,153,21,2.0
4009,96,2022-01-27,18:00:00,Completed,500,137,43,2.5
4010,97,2020-05-01,10:00:00,No-Show,50,95,37,2.4
4011,98,2020-03-04,15:00:00,Completed,500,112,11,1.7
4012,99,2020-04-24,14:00:00,Cancelled,350,51,35,2.1
4013,100,2020-06-01,10:00:00,Completed,30,151,10,1.0
4014,101,2020-04-18,17:00:00,Completed,0,130,42,1.6
4015,102,2020-02-14,15:00:00,Completed,100,40,28,1.1
4016,103,2021-05-24,14:00:00,Cancelled,500,148,43,2.2
4017,104,2020-03-30,12:00:00,No-Show,200,78,5,1.5
4018,105,2019-03-03,16:00:00,Completed,0,116,30,1.6
4019,106,2019-05-06,12:00:00,Completed,100,83,5,1.0
4020,107,2020-04-30,19:00:00,Completed,350,159,35,2.4
4021,108,2019-06-05,08:00:00,No-Show,100,142,13,1.1
4022,109,2021-05-04,12:00:00,Cancelled,50,134,29,1.3
4023,110,2020-05-02,11:00:00,Completed,50,159,6,1.7
4024,111,2020-06-01,16:00:00,Cancelled,350,153,40,2.4
4025,112,2022-06-07,11:00:00,Completed,500,131,11,1.6
4026,113,2020-04-20,12:00:00,Cancelled,50,39,24,2.4
4027,114,2022-06-12,11:00:00,Completed,350,47,40,2.1
4028,115,2020-05-14,08:00:00,Cancelled,50,119,35,1.6
4029,116,2022-04-17,09:00:00,Completed,30,69,41,2.4
4030,117,2022-04-19,15:00:00,Completed,500,158,27,1.6
4031,118,2019-06-18,11:00:00,Completed,500,118,42,1.5
4032,119,2020-04-29,11:00:00,No-Show,0,71,8,2.0
4033,120,2022-06-24,15:00:00,Completed,350,147,17,1.9
4034,121,2021-03-02,17:00:00,No-Show,30,154,44,2.1
4035,122,2021-03-05,18:00:00,Completed,500,40,42,1.2
4036,123,2022-01-18,16:00:00,Cancelled,200,126,43,2.4
4037,124,2020-05-05,10:00:00,No-Show,30,41,26,1.8
4038,125,2020-05-02,11:00:00,Completed,100,93,29,1.8
4039,126,2021-03-06,09:00:00,Cancelled,500,116,44,1.4
4040,127,2022-06-20,15:00:00,Completed,500,51,38,1.2
4041,128,2022-06-03,08:00:00,Completed,500,93,42,2.3
4042,129,2019-01-30,17:00:00,Cancelled,0,161,36,1.8
4043,130,2021-04-07,14:00:00,No-Show,500,161,17,2.3
4044,131,2021-05-17,12:00:00,Cancelled,0,77,14,1.7
4045,132,2019-01-06,15:00:00,Completed,500,147,12,1.8
4046,133,2022-03-25,15:00:00,Completed,500,89,15,1.3
4047,134,2019-05-18,17:00:00,No-Show,200,95,35,2.4
4048,135,2022-04-20,13:00:00,Completed,100,32,8,1.7
4049,136,2019-03-14,10:00:00,Completed,100,63,39,1.4
4050,137,2019-01-21,08:00:00,Cancelled,100,132,10,1.6
4051,138,2021-05-26,09:00:00,No-Show,500,95,11,1.7
4052,139,2021-03-06,14:00:00,No-Show,30,108,7,1.2
4053,140,2019-06-29,08:00:00,Cancelled,200,175,27,2.4
4054,141,2020-02-12,17:00:00,Completed,50,106,25,1.2
4055,142,2020-05-29,10:00:00,No-Show,50,156,44,1.2
4056,143,2019-05-15,10:00:00,Completed,0,118,8,2.3
4057,144,2021-04-10,10:00:00,Completed,500,87,17,1.8
4058,145,2020-05-12,18:00:00,Completed,30,100,9,1.2
4059,146,2020-02-05,16:00:00,Cancelled,350,126,26,1.2
4060,147,2022-04-03,19:00:00,No-Show,500,151,13,2.3
4061,148,2020-06-22,15:00:00,Completed,350,133,42,1.8
4062,149,2022-03-28,10:00:00,No-Show,500,116,32,1.9
4063,150,2021-05-01,10:00:00,Cancelled,100,106,21,1.1
4064,151,2021-02-12,11:00:00,Completed,100,49,11,1.6
4065,152,2021-02-08,09:00:00,Completed,30,52,24,2.1
4066,1,2019-06-11,09:00:00,Completed,50,34,13,1.4
4067,2,2022-06-19,17:00:00,Completed,0,63,43,1.0
4068,3,2020-05-12,18:00:00,Completed,100,178,19,2.0
4069,4,2020-06-20,12:00:00,Completed,200,121,32,2.0
4070,5,2022-02-22,18:00:00,Completed,500,74,24,1.7
4071,6,2019-03-04,18:00:00,Completed,50,146,40,1.3
4072,7,2022-03-09,16:00:00,No-Show,0,121,36,2.1
4073,8,2019-05-27,14:00:00,No-Show,0,97,30,1.2
4074,9,2020-03-21,14:00:00,Completed,500,125,22,1.1
4075,10,2022-03-17,18:00:00,Completed,100,110,32,1.7
4076,11,2019-05-15,10:00:00,Completed,100,171,41,1.2
4077,12,2019-03-09,15:00:00,No-Show,500,96,30,2.3
4078,13,2020-06-12,15:00:00,No-Show,350,78,23,2.5
4079,14,2019-05-12,09:00:00,Completed,500,56,21,1.1
4080,15,2022-01-03,17:00:00,Completed,30,61,25,2.0
4081,16,2022-05-12,15:00:00,Completed,500,65,44,1.8
4082,17,2022-06-01,16:00:00,No-Show,100,130,25,1.2
4083,18,2019-02-04,09:00:00,Completed,350,65,41,1.4
4084,19,2021-06-03,11:00:00,No-Show,0,72,42,1.7
4085,20,2022-06-05,13:00:00,Completed,30,148,26,1.5
4086,21,2020-05-20,10:00:00,Completed,100,69,16,1.3
4087,22,2021-06-02,09:00:00,No-Show,50,71,24,1.1
4088,23,2020-01-07,14:00:00,Cancelled,30,119,9,1.4
4089,24,2021-05-12,09:00:00,Cancelled,200,128,14,1.2
4090,25,2019-04-04,11:00:00,No-Show,500,136,26,1.5
4091,26,2021-04-22,17:00:00,Completed,30,30,19,2.3
4092,27,2022-05-29,16:00:00,Completed,350,80,33,1.7
4093,28,2021-05-13,13:00:00,Cancelled,100,152,18,1.5
4094,29,2019-02-27,18:00:00,No-Show,500,108,17,2.0
4095,30,2020-04-08,09:00:00,Cancelled,30,153,37,2.3
4096,31,2019-01-10,11:00:00,No-Show,200,125,21,1.6
4097,32,2021-04-28,19:00:00,Completed,0,121,13,2.2
4098,33,2020-04-04,18:00:00,Cancelled,500,159,15,2.0
4099,34,2021-04-01,19:00:00,Cancelled,200,94,32,2.3
4100,35,2020-01-18,13:00:00,No-Show,100,148,19,2.4
4101,36,2019-05-05,18:00:00,Completed,50,39,5,1.2
4102,37,2021-05-20,10:00:00,Completed,30,79,35,2.4
4103,38,2020-04-19,14:00:00,Completed,500,124,8,2.1
4104,39,2022-05-25,15:00:00,Completed,100,156,32,1.8
4105,40,2019-03-12,17:00:00,Completed,50,114,28,1.2
4106,41,2019-02-19,15:00:00,Cancelled,30,153,10,1.4
4107,42,2022-02-20,13:00:00,Completed,30,112,15,1.4
4108,43,2021-01-18,17:00:00,Completed,30,124,35,1.4
4109,44,2019-04-14,18:00:00,No-Show,350,94,16,1.1
4110,45,2019-01-30,11:00:00,Completed,100,91,11,1.9
4111,46,2019-02-19,10:00:00,Completed,200,30,23,1.5
4112,47,2022-03-24,09:00:00,Completed,50,72,23,2.4
4113,48,2020-04-30,10:00:00,Completed,500,86,37,1.4
4114,49,2019-03-30,10:00:00,No-Show,200,74,11,1.4
4115,50,2021-01-26,18:00:00,Cancelled,350,122,37,2.0
4116,51,2021-05-21,14:00:00,Completed,500,157,14,2.2
4117,52,2019-01-15,15:00:00,Completed,0,74,39,1.7
4118,53,2020-06-08,12:00:00,Completed,200,68,23,1.2
4119,54,2020-03-20,12:00:00,No-Show,50,79,30,1.6
4120,55,2020-03-29,13:00:00,Cancelled,200,82,44,2.0
4121,56,2019-05-16,12:00:00,No-Show,100,68,34,1.0
4122,57,2019-01-29,12:00:00,No-Show,200,147,14,2.2
4123,58,2022-04-11,19:00:00,Completed,50,156,44,1.5
4124,59,2020-04-21,13:00:00,Completed,500,128,12,2.1
4125,60,2019-06-24,14:00:00,Completed,0,119,39,1.3
4126,61,2022-02-05,13:00:00,No-Show,350,140,14,2.0
4127,62,2020-02-06,18:00:00,No-Show,350,117,24,1.9
4128,63,2021-05-15,12:00:00,Cancelled,200,85,30,1.7
4129,64,2019-04-10,11:00:00,Completed,350,153,44,2.0
4130,65,2021-06-28,09:00:00,Completed,200,170,43,2.5
4131,66,2019-04-16,10:00:00,Cancelled,50,161,22,2.2
4132,67,2019-05-31,18:00:00,Completed,350,76,24,1.3
4133,68,2019-04-21,08:00:00,No-Show,50,138,16,2.0
4134,69,2021-04-07,18:00:00,Completed,30,55,20,1.7
4135,70,2019-05-04,09:00:00,Cancelled,0,87,41,1.2
4136,71,2020-01-18,17:00:00,Completed,350,84,27,1.9
4137,72,2022-05-27,11:00:00,Completed,50,129,8,1.9
4138,73,2021-02-16,09:00:00,No-Show,50,175,12,2.2
4139,74,2019-02-18,12:00:00,Completed,350,61,18,2.0
4140,75,2020-05-19,10:00:00,Completed,0,75,23,2.1
4141,76,2019-01-19,12:00:00,Cancelled,350,62,37,1.4
4142,77,2020-05-07,19:00:00,Completed,350,138,6,1.1
4143,78,2020-05-27,09:00:00,No-Show,500,47,31,2.3
4144,79,2020-04-25,19:00:00,Completed,0,128,12,2.0
4145,80,2020-05-11,18:00:00,No-Show,0,127,24,1.1
4146,81,2022-03-22,09:00:00,Completed,100,120,8,1.8
4147,82,2019-05-05,13:00:00,Completed,0,178,14,1.2
4148,83,2022-01-13,19:00:00,Completed,30,56,10,1.7
4149,84,2020-06-25,10:00:00,No-Show,500,178,5,2.1
4150,85,2020-02-11,13:00:00,No-Show,50,109,18,1.7
4151,86,2022-03-30,12:00:00,Cancelled,500,87,8,1.4
4152,87,2022-06-29,19:00:00,Completed,0,171,5,2.4
4153,88,2020-06-19,13:00:00,Completed,500,74,14,1.4
4154,89,2022-01-23,15:00:00,Cancelled,30,119,32,2.1
4155,90,2021-05-02,15:00:00,No-Show,100,97,38,2.1
4156,91,2019-03-12,10:00:00,Cancelled,0,126,41,1.2
4157,92,2020-04-30,10:00:00,Completed,30,133,21,1.7
4158,93,2022-06-23,09:00:00,No-Show,30,167,38,1.4
4159,94,2022-02-27,18:00:00,No-Show,50,44,44,2.3
4160,95,2020-01-12,11:00:00,No-Show,0,54,14,1.3
4161,96,2021-04-20,08:00:00,Cancelled,100,90,43,2.2
4162,97,2019-01-02,18:00:00,Cancelled,30,169,14,1.4
4163,98,2019-04-03,17:00:00,Completed,350,147,32,1.5
4164,99,2019-03-14,12:00:00,Completed,100,120,41,2.0
4165,100,2019-06-26,19:00:00,Cancelled,500,34,26,2.5
4166,101,2022-06-23,11:00:00,No-Show,200,118,26,2.0
4167,102,2019-06-10,12:00:00,Completed,30,171,7,2.0
4168,103,2020-04-20,13:00:00,Completed,50,96,41,1.5
4169,104,2019-03-18,12:00:00,Completed,500,48,37,2.0
4170,105,2020-04-24,17:00:00,Cancelled,100,131,38,1.2
4171,106,2022-01-28,18:00:00,Completed,350,66,36,2.3
4172,107,2021-02-20,09:00:00,Cancelled,0,121,24,1.5
4173,108,2019-02-09,14:00:00,Cancelled,0,162,11,2.2
4174,109,2021-05-28,11:00:00,Completed,50,36,37,1.5
4175,110,2021-04-29,08:00:00,Completed,500,172,40,2.3
4176,111,2021-01-13,16:00:00,Completed,200,111,13,2.2
4177,112,2020-05-09,13:00:00,Completed,30,55,42,1.0
4178,113,2022-02-16,14:00:00,Completed,500,156,25,1.1
4179,114,2020-04-04,15:00:00,Completed,0,115,43,1.5
4180,115,2020-05-08,19:00:00,No-Show,350,172,42,2.2
4181,116,2021-04-24,12:00:00,Cancelled,0,159,6,1.6
4182,117,2021-03-30,14:00:00,Cancelled,500,148,14,1.5
4183,118,2022-03-07,14:00:00,Cancelled,100,114,14,2.1
4184,119,2019-03-01,16:00:00,No-Show,200,73,13,1.6
4185,120,2021-06-22,13:00:00,No-Show,100,156,10,1.6
4186,121,2020-01-09,08:00:00,No-Show,350,130,26,1.7
4187,122,2019-05-05,16:00:00,Cancelled,30,141,11,1.7
4188,123,2022-03-30,09:00:00,Completed,500,51,41,1.5
4189,124,2021-03-28,12:00:00,No-Show,100,106,6,2.4
4190,125,2020-04-19,11:00:00,Completed,100,38,14,1.3
4191,126,2020-01-08,18:00:00,Completed,50,74,13,1.5
4192,127,2021-04-09,18:00:00,Cancelled,0,154,8,1.3
4193,128,2021-04-13,08:00:00,Cancelled,30,168,8,1.3
4194,129,2022-03-25,19:00:00,Completed,50,91,11,2.2
4195,130,2022-04-01,18:00:00,Cancelled,350,86,33,2.4
4196,131,2019-01-10,08:00:00,No-Show,30,105,42,2.2
4197,132,2021-06-21,14:00:00,Completed,350,176,23,2.1
4198,133,2019-05-03,08:00:00,Cancelled,500,131,18,1.6
4199,134,2021-02-08,08:00:00,No-Show,100,150,14,1.6
4200,135,2022-02-07,09:00:00,No-Show,200,49,40,2.3
4201,136,2019-06-17,16:00:00,No-Show,0,95,19,2.5
4202,137,2021-04-25,10:00:00,Completed,50,57,25,1.7
4203,138,2021-02-06,08:00:00,No-Show,50,158,13,2.5
4204,139,2020-06-18,15:00:00,Completed,0,104,15,1.3
4205,140,2021-01-12,14:00:00,Completed,200,96,32,2.2
4206,141,2021-04-26,18:00:00,Completed,0,63,16,1.6
4207,142,2021-01-15,09:00:00,Completed,350,122,24,2.2
4208,143,2020-02-02,13:00:00,Completed,200,49,27,1.1
4209,144,2021-05-28,11:00:00,Completed,100,40,25,1.5
4210,145,2019-02-08,18:00:00,Completed,0,70,11,1.2
4211,146,2022-03-14,09:00:00,No-Show,100,58,31,1.2
4212,147,2021-06-09,18:00:00,Completed,50,159,7,1.8
4213,148,2019-03-14,14:00:00,Completed,0,107,38,1.4
4214,149,2020-04-26,12:00:00,Cancelled,350,97,28,1.3
4215,150,2020-03-21,18:00:00,No-Show,200,32,28,1.0
4216,151,2021-02-08,12:00:00,No-Show,100,137,34,1.9
4217,152,2022-02-28,11:00:00,Completed,500,166,25,2.4
4218,1,2021-03-30,16:00:00,Completed,350,175,43,2.2
4219,2,2022-03-16,17:00:00,Cancelled,50,131,27,1.6
4220,3,2021-03-12,14:00:00,Completed,200,103,31,2.5
4221,4,2022-06-29,19:00:00,Completed,100,57,21,1.9
4222,5,2020-02-11,14:00:00,Cancelled,0,75,9,1.9
4223,6,2022-03-23,09:00:00,Completed,0,120,36,2.4
4224,7,2019-06-17,08:00:00,No-Show,100,130,31,2.3
4225,8,2019-04-29,19:00:00,Completed,30,57,20,2.5
4226,9,2021-01-08,13:00:00,Completed,100,75,24,1.5
4227,10,2019-02-11,14:00:00,Completed,500,112,39,1.9
4228,11,2021-04-17,13:00:00,Completed,0,70,38,2.5
4229,12,2022-02-05,14:00:00,No-Show,350,51,10,1.5
4230,13,2021-04-11,19:00:00,Completed,100,117,41,1.6
4231,14,2021-03-18,09:00:00,Cancelled,30,94,6,1.8
4232,15,2019-01-12,10:00:00,No-Show,200,126,8,2.4
4233,16,2021-02-24,16:00:00,Completed,500,116,14,2.3
4234,17,2021-03-14,17:00:00,Completed,30,157,43,1.2
4235,18,2021-04-13,18:00:00,No-Show,30,68,20,1.8
4236,19,2020-04-16,09:00:00,Completed,50,109,39,2.4
4237,20,2019-06-15,14:00:00,Cancelled,30,54,14,1.9
4238,21,2021-05-20,15:00:00,Cancelled,0,148,12,1.4
4239,22,2021-04-17,12:00:00,No-Show,350,30,29,2.2
4240,23,2021-06-19,14:00:00,Completed,30,128,12,1.6
4241,24,2019-04-20,17:00:00,Cancelled,500,143,18,2.0
4242,25,2021-02-07,11:00:00,Completed,0,91,5,1.4
4243,26,2020-06-19,18:00:00,Cancelled,350,122,22,2.1
4244,27,2022-01-31,09:00:00,Cancelled,30,111,7,2.2
4245,28,2019-03-26,18:00:00,Completed,500,87,44,1.6
4246,29,2021-05-31,11:00:00,Completed,200,151,31,1.7
4247,30,2021-05-18,11:00:00,Completed,200,161,43,1.5
4248,31,2020-05-18,09:00:00,Completed,0,126,32,1.3
4249,32,2021-04-08,17:00:00,Cancelled,200,86,39,2.5
4250,33,2022-06-29,14:00:00,Cancelled,50,172,12,1.3
4251,34,2022-01-17,17:00:00,Completed,350,164,39,1.4
4252,35,2021-04-24,13:00:00,Completed,100,45,33,1.5
4253,36,2019-05-04,13:00:00,Completed,500,41,38,1.5
4254,37,2022-03-22,16:00:00,Completed,100,91,24,2.3
4255,38,2019-03-08,14:00:00,Completed,0,151,11,1.6
4256,39,2022-03-09,15:00:00,Completed,0,145,24,2.5
4257,40,2020-04-22,16:00:00,Completed,200,41,31,2.3
4258,41,2021-03-07,19:00:00,Completed,350,120,17,1.1
4259,42,2019-03-09,19:00:00,Completed,30,114,11,1.8
4260,43,2022-06-07,18:00:00,Cancelled,350,37,13,2.5
4261,44,2022-06-06,15:00:00,Completed,30,77,12,1.4
4262,45,2021-05-18,12:00:00,No-Show,350,83,41,1.3
4263,46,2019-04-25,10:00:00,Cancelled,350,159,29,1.6
4264,47,2019-06-02,12:00:00,Completed,50,61,19,1.1
4265,48,2021-05-16,19:00:00,Completed,200,133,28,1.6
4266,49,2022-02-26,11:00:00,Completed,50,60,8,2.2
4267,50,2022-04-17,14:00:00,Completed,500,157,13,1.1
4268,51,2021-04-08,09:00:00,Completed,200,45,35,2.4
4269,52,2019-01-25,16:00:00,No-Show,100,49,38,1.5
4270,53,2022-03-23,19:00:00,Completed,50,139,22,1.1
4271,54,2020-01-04,09:00:00,Completed,100,39,10,1.9
4272,55,2020-05-10,13:00:00,No-Show,350,167,5,1.1
4273,56,2019-06-18,15:00:00,Completed,500,156,9,2.2
4274,57,2022-01-22,16:00:00,Completed,350,98,20,1.8
4275,58,2020-05-20,10:00:00,No-Show,350,170,29,1.7
4276,59,2020-05-04,16:00:00,No-Show,500,69,23,2.4
4277,60,2019-04-05,17:00:00,No-Show,200,84,16,1.1
4278,61,2021-06-17,16:00:00,No-Show,30,53,8,1.2
4279,62,2020-01-26,18:00:00,Cancelled,30,76,12,1.7
4280,63,2021-05-17,08:00:00,Cancelled,200,139,25,1.0
4281,64,2021-05-13,19:00:00,Completed,50,94,38,1.9
4282,65,2020-06-20,09:00:00,Completed,0,107,24,2.4
4283,66,2022-04-03,09:00:00,Completed,350,56,28,1.5
4284,67,2022-03-16,12:00:00,Completed,50,91,35,1.3
4285,68,2019-01-29,10:00:00,Completed,50,39,15,1.0
4286,69,2021-01-10,18:00:00,Completed,30,172,21,1.4
4287,70,2020-05-30,12:00:00,Completed,350,57,35,2.1
4288,71,2020-06-09,15:00:00,No-Show,350,118,42,2.4
4289,72,2022-06-22,09:00:00,Completed,100,141,44,2.3
4290,73,2021-03-02,09:00:00,Completed,30,88,38,1.6
4291,74,2019-01-04,10:00:00,Completed,0,36,44,1.2
4292,75,2019-06-02,09:00:00,Cancelled,0,66,7,2.2
4293,76,2022-04-10,14:00:00,Completed,30,176,35,1.2
4294,77,2021-01-28,19:00:00,No-Show,500,127,22,2.0
4295,78,2022-04-28,19:00:00,Completed,30,84,31,1.9
4296,79,2022-02-28,13:00:00,Completed,500,97,38,2.0
4297,80,2022-01-30,19:00:00,Completed,0,133,28,2.4
4298,81,2022-02-27,12:00:00,Completed,200,142,40,2.3
4299,82,2022-02-24,18:00:00,Completed,100,61,38,1.6
4300,83,2021-06-17,13:00:00,Completed,350,57,9,1.2
4301,84,2021-06-27,14:00:00,Completed,350,139,17,1.5
4302,85,2020-02-10,15:00:00,Cancelled,500,162,25,1.6
4303,86,2019-02-08,17:00:00,Cancelled,200,151,8,1.4
4304,87,2019-06-11,12:00:00,Completed,350,38,35,2.2
4305,88,2020-06-08,17:00:00,Completed,350,142,8,1.0
4306,89,2019-01-21,13:00:00,Cancelled,100,61,39,2.4
4307,90,2019-06-04,12:00:00,Cancelled,0,70,44,1.4
4308,91,2021-02-25,17:00:00,Completed,0,108,28,1.5
4309,92,2019-04-20,17:00:00,Completed,350,73,41,2.3
4310,93,2020-06-22,08:00:00,Cancelled,350,152,12,2.4
4311,94,2022-03-20,09:00:00,Completed,100,173,43,1.6
4312,95,2020-03-10,13:00:00,Cancelled,0,121,31,1.1
4313,96,2021-03-04,13:00:00,No-Show,200,39,15,2.4
4314,97,2019-03-22,16:00:00,Completed,500,73,18,1.9
4315,98,2021-03-18,08:00:00,No-Show,50,63,6,1.9
4316,99,2021-04-22,14:00:00,No-Show,30,123,35,2.0
4317,100,2022-06-07,16:00:00,Completed,50,42,5,2.0
4318,101,2022-06-11,12:00:00,Completed,50,62,35,1.7
4319,102,2019-01-22,12:00:00,Completed,0,146,39,2.4
4320,103,2019-03-04,13:00:00,No-Show,100,84,26,1.0
4321,104,2021-04-01,15:00:00,Cancelled,350,154,12,1.7
4322,105,2022-03-17,18:00:00,Completed,100,42,24,1.5
4323,106,2020-03-25,11:00:00,Completed,30,145,31,1.2
4324,107,2019-06-09,12:00:00,Completed,50,41,33,1.8
4325,108,2022-06-17,10:00:00,No-Show,200,51,17,2.1
4326,109,2019-01-28,19:00:00,Completed,350,74,7,2.5
4327,110,2021-02-23,13:00:00,No-Show,30,64,26,1.9
4328,111,2022-02-07,12:00:00,Completed,350,77,35,2.2
4329,112,2019-04-13,15:00:00,No-Show,50,110,14,1.4
4330,113,2019-04-13,10:00:00,Cancelled,350,123,5,2.4
4331,114,2020-02-20,16:00:00,No-Show,350,37,11,2.0
4332,115,2021-05-16,09:00:00,Completed,30,31,38,2.1
4333,116,2022-06-05,11:00:00,Cancelled,0,147,17,1.9
4334,117,2019-03-14,16:00:00,No-Show,200,41,16,2.4
4335,118,2019-06-09,19:00:00,Completed,350,148,28,2.2
4336,119,2022-06-01,12:00:00,Completed,500,74,17,2.2
4337,120,2020-06-13,08:00:00,No-Show,100,81,37,1.3
4338,121,2020-03-07,15:00:00,No-Show,50,110,11,2.5
4339,122,2019-02-16,08:00:00,Cancelled,50,36,10,1.2
4340,123,2022-06-21,16:00:00,Completed,350,134,17,1.4
4341,124,2021-06-07,19:00:00,Completed,100,125,41,2.1
4342,125,2020-01-24,19:00:00,No-Show,200,137,38,2.3
4343,126,2022-03-09,18:00:00,Cancelled,350,118,39,2.1
4344,127,2021-06-26,09:00:00,Completed,30,42,8,2.2
4345,128,2020-03-15,08:00:00,Completed,100,125,44,2.1
4346,129,2021-01-21,09:00:00,Completed,0,37,26,2.1
4347,130,2021-01-28,10:00:00,Completed,0,117,15,1.3
4348,131,2020-05-07,16:00:00,Completed,100,114,24,2.4
4349,132,2020-05-13,11:00:00,Completed,0,63,27,1.9
4350,133,2021-01-08,15:00:00,No-Show,500,55,22,1.2
4351,134,2022-06-21,15:00:00,Completed,200,82,25,1.2
4352,135,2020-01-04,10:00:00,Completed,100,126,36,2.1
4353,136,2022-03-27,15:00:00,Completed,350,140,42,1.1
4354,137,2022-02-05,14:00:00,Completed,350,153,6,2.3
4355,138,2021-04-29,12:00:00,Completed,0,156,29,1.2
4356,139,2019-03-31,16:00:00,Completed,50,114,7,1.1
4357,140,2020-05-26,15:00:00,Completed,0,149,22,2.0
4358,141,2020-04-16,15:00:00,Completed,350,98,36,2.4
4359,142,2020-01-07,13:00:00,Completed,500,109,12,2.3
4360,143,2019-03-10,12:00:00,Completed,50,65,8,2.3
4361,144,2021-03-11,11:00:00,Cancelled,100,95,26,1.2
4362,145,2022-01-04,12:00:00,Completed,500,108,28,1.0
4363,146,2022-03-28,08:00:00,Cancelled,50,123,26,1.9
4364,147,2020-03-08,14:00:00,Completed,0,39,40,2.4
4365,148,2019-02-04,19:00:00,Completed,50,49,6,2.2
4366,149,2021-04-18,13:00:00,Completed,350,69,5,2.2
4367,150,2019-02-23,08:00:00,No-Show,30,45,20,2.3
4368,151,2020-03-15,11:00:00,No-Show,500,148,13,1.1
4369,152,2022-02-04,16:00:00,Completed,500,121,23,2.0
4370,1,2021-04-23,16:00:00,Completed,350,132,43,1.7
4371,2,2019-04-25,19:00:00,Completed,30,82,43,1.3
4372,3,2021-06-05,11:00:00,No-Show,50,163,14,2.2
4373,4,2021-03-02,16:00:00,Completed,0,119,18,1.8
4374,5,2020-02-17,19:00:00,No-Show,0,37,24,1.6
4375,6,2020-06-19,14:00:00,Completed,30,154,9,1.9
4376,7,2021-01-21,10:00:00,Completed,100,115,9,2.2
4377,8,2020-06-19,11:00:00,Completed,100,106,26,1.7
4378,9,2019-01-12,09:00:00,Completed,100,76,16,1.4
4379,10,2019-01-24,18:00:00,Completed,30,175,17,2.5
4380,11,2021-06-18,15:00:00,Completed,200,130,25,2.0
4381,12,2021-04-02,10:00:00,Cancelled,350,177,30,2.4
4382,13,2021-05-17,14:00:00,Completed,30,103,19,1.4
4383,14,2021-01-09,13:00:00,Completed,0,97,38,2.4
4384,15,2019-04-03,18:00:00,Completed,100,73,31,2.1
4385,16,2022-02-23,15:00:00,Completed,500,31,12,2.0
4386,17,2019-05-12,19:00:00,Completed,0,129,23,1.7
4387,18,2022-04-14,08:00:00,Completed,0,121,28,1.3
4388,19,2020-04-04,18:00:00,Completed,30,160,44,2.1
4389,20,2019-03-16,15:00:00,Completed,0,66,15,1.5
4390,21,2019-05-28,16:00:00,Completed,50,114,22,1.8
4391,22,2020-01-11,13:00:00,No-Show,200,139,25,1.9
4392,23,2019-02-04,14:00:00,Cancelled,350,134,42,1.2
4393,24,2019-05-13,11:00:00,No-Show,500,105,36,2.3
4394,25,2022-03-18,09:00:00,Completed,50,97,15,2.1
4395,26,2019-04-15,15:00:00,Completed,100,153,22,1.7
4396,27,2022-03-11,16:00:00,Completed,0,78,9,1.9
4397,28,2021-06-03,08:00:00,Completed,200,38,40,1.2
4398,29,2022-05-03,12:00:00,Completed,100,145,22,2.4
4399,30,2022-04-02,10:00:00,Completed,50,36,31,1.3
4400,31,2019-06-04,15:00:00,Completed,100,104,36,2.5
4401,32,2021-06-27,12:00:00,Cancelled,0,57,36,1.8
4402,33,2022-02-28,15:00:00,Cancelled,50,33,14,1.1
4403,34,2022-06-16,17:00:00,Completed,500,87,43,1.7
4404,35,2022-05-25,08:00:00,Cancelled,50,107,35,1.3
4405,36,2020-03-20,15:00:00,Cancelled,100,96,42,2.4
4406,37,2020-06-13,17:00:00,Completed,200,35,37,1.7
4407,38,2019-04-21,17:00:00,Cancelled,100,44,32,1.2
4408,39,2021-01-27,09:00:00,Completed,30,55,31,1.8
4409,40,2022-04-20,16:00:00,Completed,100,35,38,1.2
4410,41,2021-06-21,18:00:00,No-Show,50,140,10,1.0
4411,42,2022-03-11,19:00:00,Cancelled,200,104,35,1.3
4412,43,2019-05-07,17:00:00,Completed,500,133,7,1.4
4413,44,2020-05-27,08:00:00,No-Show,30,178,32,1.3
4414,45,2022-04-30,11:00:00,Completed,500,142,20,1.0
4415,46,2019-03-10,11:00:00,Completed,500,56,16,2.2
4416,47,2021-06-19,08:00:00,No-Show,30,149,30,1.8
4417,48,2022-04-06,15:00:00,No-Show,200,124,18,1.4
4418,49,2021-01-21,13:00:00,Completed,200,68,39,2.2
4419,50,2020-02-27,12:00:00,Cancelled,350,137,41,1.3
4420,51,2019-01-30,09:00:00,Completed,50,124,41,2.4
4421,52,2022-01-09,09:00:00,Completed,500,124,40,2.5
4422,53,2019-05-15,11:00:00,No-Show,350,61,39,1.2
4423,54,2019-03-12,17:00:00,Completed,200,105,21,1.8
4424,55,2022-06-27,17:00:00,Completed,30,167,25,1.5
4425,56,2019-01-16,18:00:00,No-Show,350,99,39,2.4
4426,57,2022-03-27,13:00:00,Completed,50,104,22,2.0
4427,58,2020-03-09,19:00:00,Completed,30,178,11,1.9
4428,59,2020-01-22,14:00:00,Completed,50,147,17,2.1
4429,60,2022-03-16,14:00:00,Completed,200,128,5,2.4
4430,61,2022-05-11,16:00:00,Completed,200,156,44,1.4
4431,62,2020-03-01,16:00:00,No-Show,500,165,22,2.2
4432,63,2021-03-27,14:00:00,Cancelled,350,81,21,1.8
4433,64,2019-01-05,18:00:00,No-Show,200,115,28,1.3
4434,65,2021-06-09,17:00:00,Cancelled,200,102,11,1.8
4435,66,2019-01-28,08:00:00,No-Show,50,37,9,1.4
4436,67,2021-05-05,11:00:00,Completed,50,76,44,1.7
4437,68,2020-04-20,08:00:00,Cancelled,500,134,17,1.4
4438,69,2019-04-01,19:00:00,Completed,500,104,17,1.7
4439,70,2019-06-05,10:00:00,Completed,50,59,38,1.4
4440,71,2020-02-18,14:00:00,Cancelled,350,71,8,1.7
4441,72,2019-06-11,13:00:00,Completed,50,38,18,1.7
4442,73,2022-01-05,16:00:00,Completed,200,153,23,1.5
4443,74,2022-01-20,15:00:00,Completed,50,33,28,1.1
4444,75,2021-04-27,19:00:00,Completed,350,129,24,1.1
4445,76,2021-03-21,11:00:00,Completed,200,179,6,2.4
4446,77,2022-02-22,15:00:00,Completed,200,31,19,1.0
4447,78,2019-05-17,15:00:00,Cancelled,50,63,9,1.0
4448,79,2021-02-04,10:00:00,Completed,200,91,37,2.3
4449,80,2021-05-07,09:00:00,Cancelled,100,176,35,1.5
4450,81,2019-01-14,15:00:00,Cancelled,50,119,25,1.4
4451,82,2022-05-09,12:00:00,Cancelled,0,62,40,1.0
4452,83,2022-02-09,18:00:00,Completed,350,45,7,1.0
4453,84,2021-05-25,14:00:00,Completed,350,93,36,2.1
4454,85,2019-04-07,11:00:00,Completed,100,43,25,2.1
4455,86,2019-06-09,15:00:00,Completed,30,38,9,1.8
4456,87,2019-06-07,08:00:00,Cancelled,0,76,41,2.3
4457,88,2022-03-06,10:00:00,No-Show,50,144,27,1.7
4458,89,2022-02-21,15:00:00,Completed,30,171,29,1.9
4459,90,2021-06-03,14:00:00,Completed,50,109,23,1.7
4460,91,2021-05-09,10:00:00,Completed,0,126,20,1.5
4461,92,2022-03-22,11:00:00,No-Show,30,165,41,1.7
4462,93,2019-05-25,10:00:00,Completed,50,111,30,2.0
4463,94,2019-06-04,09:00:00,Cancelled,100,115,5,1.6
4464,95,2019-02-10,16:00:00,Completed,0,136,42,2.3
4465,96,2021-03-22,18:00:00,Completed,500,56,38,2.2
4466,97,2021-01-24,11:00:00,No-Show,100,125,14,1.3
4467,98,2022-04-13,11:00:00,Completed,0,121,16,1.1
4468,99,2019-06-01,11:00:00,Completed,0,73,14,1.3
4469,100,2022-01-06,08:00:00,Completed,50,152,31,1.2
4470,101,2021-01-29,13:00:00,No-Show,200,66,27,1.1
4471,102,2019-01-14,12:00:00,Cancelled,100,100,6,1.1
4472,103,2022-02-17,17:00:00,Completed,500,32,33,1.6
4473,104,2021-05-16,15:00:00,Completed,0,102,33,1.0
4474,105,2020-02-19,15:00:00,Completed,350,147,16,2.2
4475,106,2022-05-18,10:00:00,Completed,500,103,44,1.0
4476,107,2022-05-09,14:00:00,Cancelled,30,148,30,1.1
4477,108,2021-05-12,13:00:00,Completed,200,44,38,1.5
4478,109,2021-01-03,16:00:00,Cancelled,200,64,11,1.5
4479,110,2021-02-03,15:00:00,Cancelled,100,35,43,1.7
4480,111,2019-01-10,19:00:00,Completed,350,97,24,1.9
4481,112,2021-02-22,10:00:00,Completed,350,155,35,1.6
4482,113,2022-01-06,08:00:00,Completed,30,90,8,1.6
4483,114,2019-02-05,16:00:00,No-Show,50,179,36,1.9
4484,115,2020-06-20,19:00:00,Completed,30,80,7,2.5
4485,116,2019-05-20,15:00:00,Completed,0,107,28,2.2
4486,117,2019-03-06,15:00:00,Completed,50,171,19,2.3
4487,118,2020-05-27,17:00:00,Completed,0,124,33,1.6
4488,119,2019-02-26,10:00:00,Cancelled,500,88,44,1.7
4489,120,2022-06-15,17:00:00,Completed,200,105,32,1.2
4490,121,2020-04-23,12:00:00,Completed,100,76,24,1.6
4491,122,2020-06-20,14:00:00,Completed,50,166,23,1.6
4492,123,2020-06-07,17:00:00,Completed,0,98,26,1.6
4493,124,2020-05-27,08:00:00,Completed,350,45,34,1.2
4494,125,2022-06-15,10:00:00,Cancelled,350,93,34,2.1
4495,126,2021-03-30,09:00:00,Completed,350,79,10,2.0
4496,127,2022-01-15,19:00:00,No-Show,100,44,29,1.5
4497,128,2021-04-19,11:00:00,Completed,50,71,37,2.5
4498,129,2020-04-15,11:00:00,Completed,50,66,25,1.9
4499,130,2021-04-06,17:00:00,Completed,200,140,28,1.8
4500,131,2022-02-27,14:00:00,Completed,500,84,20,1.2
4501,132,2022-04-03,10:00:00,Completed,30,178,31,1.5
4502,133,2020-04-08,09:00:00,Completed,100,147,27,1.4
4503,134,2020-01-18,12:00:00,Completed,0,90,13,2.3
4504,135,2019-04-15,16:00:00,Cancelled,50,154,27,1.2
4505,136,2021-02-16,19:00:00,Completed,200,163,5,1.2
4506,137,2022-01-18,18:00:00,Completed,50,48,37,2.5
4507,138,2021-03-06,19:00:00,Completed,200,58,36,2.1
4508,139,2021-02-09,18:00:00,Completed,30,59,36,1.6
4509,140,2022-05-21,09:00:00,Completed,0,141,37,1.8
4510,141,2022-02-12,14:00:00,Cancelled,100,135,22,1.8
4511,142,2020-01-30,08:00:00,Completed,100,41,15,1.9
4512,143,2022-06-16,15:00:00,Completed,30,153,23,2.1
4513,144,2022-02-28,15:00:00,Cancelled,500,136,42,1.8
4514,145,2022-04-19,12:00:00,Completed,0,120,39,2.3
4515,146,2022-01-31,13:00:00,Completed,350,48,36,1.3
4516,147,2022-04-10,14:00:00,Cancelled,50,58,11,1.1
4517,148,2021-01-24,18:00:00,Cancelled,500,109,16,1.5
4518,149,2020-03-03,14:00:00,No-Show,500,90,34,1.3
4519,150,2020-01-31,13:00:00,Completed,200,38,37,1.8
4520,151,2019-06-06,08:00:00,Completed,30,82,17,1.3
4521,152,2020-02-13,11:00:00,Completed,350,127,22,1.3
4522,1,2019-06-23,18:00:00,No-Show,350,162,23,2.4
4523,2,2022-04-16,17:00:00,Cancelled,200,40,7,2.4
4524,3,2019-03-11,17:00:00,Completed,50,177,37,1.2
4525,4,2019-01-11,17:00:00,Completed,200,84,10,2.4
4526,5,2021-06-26,16:00:00,Cancelled,50,153,5,1.4
4527,6,2020-03-15,17:00:00,Cancelled,50,135,40,1.0
4528,7,2020-06-21,12:00:00,Cancelled,500,122,10,1.5
4529,8,2019-03-31,14:00:00,Completed,100,146,11,2.0
4530,9,2020-02-06,14:00:00,Completed,500,127,9,1.9
4531,10,2021-04-03,18:00:00,Completed,100,37,24,1.0
4532,11,2020-02-22,18:00:00,No-Show,30,82,41,1.3
4533,12,2022-04-15,16:00:00,No-Show,350,41,5,1.8
4534,13,2021-05-04,08:00:00,No-Show,200,40,26,2.0
4535,14,2020-06-06,14:00:00,Completed,500,111,9,1.3
4536,15,2022-02-09,10:00:00,No-Show,0,157,36,1.1
4537,16,2019-06-02,17:00:00,Completed,100,98,38,1.1
4538,17,2020-06-24,08:00:00,No-Show,200,164,18,2.4
4539,18,2020-04-15,10:00:00,Completed,50,86,40,1.1
4540,19,2020-02-01,09:00:00,Cancelled,0,125,13,1.5
4541,20,2020-03-21,12:00:00,Cancelled,50,40,35,1.9
4542,21,2019-03-20,08:00:00,Completed,50,66,31,1.2
4543,22,2019-04-30,13:00:00,Completed,30,104,22,1.5
4544,23,2022-01-04,19:00:00,Completed,100,116,26,1.6
4545,24,2020-04-15,08:00:00,Completed,500,108,26,2.1
4546,25,2022-05-10,11:00:00,Completed,50,122,41,2.4
4547,26,2021-06-27,19:00:00,Completed,100,122,17,1.9
4548,27,2021-02-21,16:00:00,Cancelled,200,48,44,1.6
4549,28,2020-05-18,17:00:00,Completed,50,131,25,1.9
4550,29,2022-06-22,09:00:00,Completed,500,167,9,1.0
4551,30,2021-05-28,09:00:00,No-Show,50,99,41,2.1
4552,31,2019-02-10,13:00:00,Completed,0,149,18,1.9
4553,32,2019-04-26,16:00:00,No-Show,50,53,15,2.1
4554,33,2019-06-08,13:00:00,Completed,50,83,41,1.9
4555,34,2020-05-11,15:00:00,Completed,350,177,41,2.1
4556,35,2020-06-29,13:00:00,Completed,30,136,5,2.2
4557,36,2022-03-01,18:00:00,No-Show,0,153,26,1.5
4558,37,2021-05-25,11:00:00,Completed,350,129,32,2.2
4559,38,2022-01-25,18:00:00,Completed,500,142,42,1.5
4560,39,2022-05-08,08:00:00,No-Show,350,164,18,1.1
4561,40,2019-02-23,16:00:00,Completed,200,120,32,1.9
4562,41,2019-01-08,16:00:00,Completed,0,131,37,1.7
4563,42,2019-05-11,11:00:00,Cancelled,200,125,36,1.7
4564,43,2021-02-03,15:00:00,Completed,50,91,33,2.1
4565,44,2022-06-10,18:00:00,Completed,0,100,24,2.3
4566,45,2021-06-25,12:00:00,Completed,350,145,35,1.2
4567,46,2022-01-07,17:00:00,Completed,100,102,22,1.5
4568,47,2020-01-03,13:00:00,Completed,30,141,26,1.3
4569,48,2019-01-24,15:00:00,Completed,200,140,22,1.3
4570,49,2021-03-20,16:00:00,Cancelled,50,57,10,1.9
4571,50,2021-01-01,13:00:00,Cancelled,350,176,35,1.2
4572,51,2022-05-05,08:00:00,Completed,500,89,32,2.3
4573,52,2021-03-30,09:00:00,Completed,0,168,5,1.4
4574,53,2020-02-20,12:00:00,Completed,350,139,9,1.4
4575,54,2022-01-13,19:00:00,Completed,200,174,26,2.5
4576,55,2019-03-01,09:00:00,Completed,0,101,22,1.7
4577,56,2022-01-29,10:00:00,Completed,200,162,38,1.9
4578,57,2022-04-19,16:00:00,No-Show,100,178,32,1.9
4579,58,2021-02-20,08:00:00,Cancelled,500,167,37,2.0
4580,59,2020-06-17,13:00:00,Completed,50,177,38,2.0
4581,60,2021-03-05,08:00:00,No-Show,200,97,9,1.3
4582,61,2020-03-14,11:00:00,No-Show,500,72,22,1.9
4583,62,2021-04-11,09:00:00,Completed,0,110,35,2.5
4584,63,2020-01-12,13:00:00,Cancelled,0,36,26,1.4
4585,64,2022-06-05,08:00:00,Completed,100,76,25,1.3
4586,65,2021-04-09,14:00:00,No-Show,200,93,29,2.2
4587,66,2021-04-26,17:00:00,No-Show,100,40,39,1.4
4588,67,2019-03-14,19:00:00,Cancelled,0,174,8,1.9
4589,68,2022-05-12,13:00:00,Completed,50,62,42,1.8
4590,69,2022-03-15,14:00:00,Completed,50,156,42,1.7
4591,70,2022-01-22,10:00:00,Completed,500,143,38,1.4
4592,71,2019-03-14,12:00:00,Completed,500,169,15,1.7
4593,72,2020-05-02,10:00:00,Completed,200,74,15,2.4
4594,73,2022-01-04,19:00:00,Completed,100,112,43,1.3
4595,74,2021-01-03,13:00:00,Completed,500,63,39,1.1
4596,75,2020-01-26,10:00:00,Cancelled,200,148,13,2.2
4597,76,2022-01-01,15:00:00,No-Show,100,100,9,2.4
4598,77,2021-06-28,08:00:00,Completed,50,71,18,2.4
4599,78,2021-06-21,13:00:00,No-Show,100,116,39,1.5
4600,79,2020-02-16,11:00:00,Completed,30,101,32,1.7
4601,80,2019-03-01,18:00:00,Completed,500,86,31,2.1
4602,81,2019-01-05,12:00:00,Completed,350,48,28,1.6
4603,82,2019-03-06,10:00:00,Completed,200,174,36,1.7
4604,83,2021-04-19,19:00:00,Completed,100,78,22,2.0
4605,84,2019-03-18,13:00:00,Cancelled,500,148,20,1.2
4606,85,2021-04-01,12:00:00,No-Show,350,51,12,1.3
4607,86,2020-03-11,19:00:00,Completed,30,108,14,1.4
4608,87,2021-03-07,17:00:00,Cancelled,30,67,38,1.3
4609,88,2022-05-21,15:00:00,Cancelled,50,150,23,1.1
4610,89,2021-05-05,14:00:00,Cancelled,0,103,27,1.5
4611,90,2022-04-10,16:00:00,Completed,200,169,29,1.4
4612,91,2019-01-27,11:00:00,Cancelled,350,137,12,1.8
4613,92,2020-04-12,09:00:00,Completed,50,165,14,2.1
4614,93,2020-02-04,09:00:00,Cancelled,100,76,25,1.7
4615,94,2021-03-23,08:00:00,Completed,200,103,32,1.5
4616,95,2020-03-15,14:00:00,No-Show,100,33,25,2.3
4617,96,2019-03-10,14:00:00,Completed,0,106,20,1.3
4618,97,2021-02-10,09:00:00,No-Show,100,150,15,2.3
4619,98,2020-03-21,13:00:00,No-Show,100,59,39,1.9
4620,99,2020-04-29,16:00:00,Completed,500,88,16,1.1
4621,100,2021-06-20,10:00:00,No-Show,200,89,40,1.4
4622,101,2022-01-25,18:00:00,Completed,200,88,22,2.4
4623,102,2022-02-06,15:00:00,No-Show,200,32,28,1.3
4624,103,2022-02-20,17:00:00,Completed,350,39,7,1.3
4625,104,2022-01-24,18:00:00,Completed,50,139,12,1.7
4626,105,2019-06-18,17:00:00,Cancelled,200,30,36,1.1
4627,106,2020-01-06,12:00:00,Completed,30,72,5,1.6
4628,107,2021-02-12,11:00:00,Completed,0,166,5,1.2
4629,108,2021-01-15,13:00:00,Cancelled,200,101,34,1.2
4630,109,2020-01-27,12:00:00,Completed,200,123,13,1.3
4631,110,2019-04-29,18:00:00,Completed,350,155,42,1.4
4632,111,2021-04-07,11:00:00,Completed,30,57,5,1.0
4633,112,2021-04-23,16:00:00,Completed,200,104,13,1.3
4634,113,2022-01-24,11:00:00,No-Show,350,71,15,1.7
4635,114,2022-06-15,11:00:00,Completed,0,137,39,1.5
4636,115,2020-03-17,10:00:00,No-Show,500,47,12,1.7
4637,116,2019-06-28,09:00:00,Cancelled,200,139,44,1.1
4638,117,2022-06-20,14:00:00,No-Show,350,154,31,2.5
4639,118,2019-01-21,19:00:00,No-Show,50,43,17,2.0
4640,119,2019-05-13,10:00:00,Cancelled,50,73,30,2.0
4641,120,2022-03-08,18:00:00,Completed,350,34,6,1.5
4642,121,2020-02-05,12:00:00,No-Show,50,154,10,1.7
4643,122,2021-02-05,13:00:00,Completed,50,151,35,2.2
4644,123,2021-04-19,18:00:00,Completed,350,89,28,1.2
4645,124,2021-05-23,16:00:00,Completed,30,70,40,1.5
4646,125,2021-02-03,13:00:00,Completed,100,167,15,1.4
4647,126,2021-05-22,19:00:00,No-Show,100,91,5,2.3
4648,127,2019-05-06,15:00:00,No-Show,350,54,11,2.4
4649,128,2019-05-06,15:00:00,No-Show,200,172,12,1.7
4650,129,2020-04-04,09:00:00,No-Show,0,54,18,1.9
4651,130,2020-02-22,11:00:00,Completed,100,163,20,1.2
4652,131,2020-02-05,18:00:00,Completed,0,139,31,1.6
4653,132,2021-02-05,16:00:00,Completed,350,79,35,2.4
4654,133,2020-02-24,16:00:00,Completed,200,95,31,1.3
4655,134,2022-06-11,19:00:00,No-Show,200,131,10,1.5
4656,135,2022-03-28,17:00:00,Completed,0,99,22,1.7
4657,136,2022-06-08,10:00:00,Completed,200,157,43,1.8
4658,137,2022-03-14,18:00:00,Cancelled,30,71,36,1.3
4659,138,2021-02-25,13:00:00,Completed,500,117,34,2.3
4660,139,2020-04-25,18:00:00,Completed,30,130,34,1.9
4661,140,2022-02-06,11:00:00,Completed,200,60,33,1.7
4662,141,2020-05-18,13:00:00,Completed,0,164,28,1.8
4663,142,2020-04-20,14:00:00,Completed,50,101,23,1.9
4664,143,2021-06-02,13:00:00,Completed,30,52,31,2.1
4665,144,2019-03-26,14:00:00,Completed,350,71,17,1.5
4666,145,2022-01-01,09:00:00,Completed,0,69,35,1.4
4667,146,2021-01-27,16:00:00,Completed,30,131,18,1.4
4668,147,2020-04-26,09:00:00,Completed,100,89,8,1.9
4669,148,2020-01-28,17:00:00,Completed,30,40,40,1.9
4670,149,2021-02-19,16:00:00,Completed,0,106,8,1.3
4671,150,2021-01-10,17:00:00,Completed,350,110,38,1.5
4672,151,2022-02-12,09:00:00,Cancelled,350,171,20,1.6
4673,152,2019-04-02,08:00:00,Completed,500,141,41,2.4
4674,1,2021-06-02,17:00:00,Completed,50,134,11,1.6
4675,2,2022-05-26,11:00:00,Completed,500,156,42,1.7
4676,3,2022-02-13,19:00:00,Completed,200,37,33,1.6
4677,4,2020-05-15,14:00:00,Completed,200,165,27,1.2
4678,5,2022-02-21,15:00:00,No-Show,50,165,32,1.4
4679,6,2022-01-30,16:00:00,Completed,100,90,39,1.3
4680,7,2019-06-18,14:00:00,Completed,100,156,26,1.2
4681,8,2021-01-24,08:00:00,Completed,500,151,35,1.6
4682,9,2020-03-11,08:00:00,Cancelled,0,167,27,1.9
4683,10,2022-04-15,16:00:00,Completed,350,81,8,1.6
4684,11,2021-01-17,10:00:00,Completed,500,64,25,1.6
4685,12,2019-02-11,18:00:00,No-Show,100,167,41,1.8
4686,13,2021-01-31,08:00:00,Completed,200,105,5,1.5
4687,14,2021-06-24,15:00:00,Completed,200,86,9,2.2
4688,15,2019-04-24,10:00:00,Completed,350,68,40,1.8
4689,16,2019-05-07,11:00:00,Cancelled,30,60,8,2.5
4690,17,2022-03-05,13:00:00,Completed,350,147,16,2.2
4691,18,2020-05-06,10:00:00,Completed,500,64,37,2.4
4692,19,2019-06-03,14:00:00,No-Show,100,160,5,1.3
4693,20,2022-03-06,08:00:00,Completed,500,137,34,1.1
4694,21,2020-03-11,08:00:00,Completed,200,64,11,1.7
4695,22,2021-06-11,18:00:00,No-Show,500,60,21,1.6
4696,23,2019-03-23,13:00:00,Completed,500,104,42,1.8
4697,24,2020-06-07,08:00:00,Completed,0,88,34,2.4
4698,25,2020-01-21,13:00:00,Cancelled,50,173,42,2.1
4699,26,2022-01-10,17:00:00,Completed,30,120,40,1.4
4700,27,2022-05-23,15:00:00,Completed,100,59,20,1.3
4701,28,2020-03-06,15:00:00,Completed,30,167,17,1.9
4702,29,2022-06-10,10:00:00,Completed,500,144,40,1.3
4703,30,2019-03-04,13:00:00,Completed,500,98,11,2.5
4704,31,2021-06-23,17:00:00,No-Show,100,91,36,1.2
4705,32,2022-04-22,12:00:00,No-Show,50,48,31,2.0
4706,33,2019-05-24,18:00:00,No-Show,0,48,10,1.5
4707,34,2019-05-24,13:00:00,Cancelled,100,168,38,1.8
4708,35,2021-02-19,09:00:00,Completed,100,141,38,1.9
4709,36,2022-06-29,18:00:00,Completed,30,70,13,2.3
4710,37,2020-06-13,16:00:00,No-Show,200,157,21,2.4
4711,38,2020-02-01,19:00:00,Completed,30,160,26,1.8
4712,39,2020-05-22,08:00:00,No-Show,350,118,17,2.1
4713,40,2020-04-23,13:00:00,Cancelled,0,141,19,1.4
4714,41,2021-01-06,15:00:00,Completed,350,120,15,1.3
4715,42,2019-06-14,08:00:00,No-Show,50,173,31,1.3
4716,43,2019-01-27,08:00:00,Completed,0,66,10,1.5
4717,44,2021-06-13,17:00:00,Completed,100,122,19,1.9
4718,45,2020-01-09,08:00:00,Completed,0,161,33,1.2
4719,46,2020-05-26,14:00:00,Completed,100,58,7,2.1
4720,47,2019-05-09,16:00:00,Completed,200,44,12,2.2
4721,48,2021-01-19,12:00:00,No-Show,200,80,20,1.4
4722,49,2020-03-06,11:00:00,Completed,500,117,29,1.8
4723,50,2020-01-24,15:00:00,Cancelled,30,152,7,2.4
4724,51,2021-01-04,14:00:00,Completed,350,84,30,2.2
4725,52,2021-05-17,15:00:00,Completed,50,167,38,1.7
4726,53,2021-06-26,17:00:00,No-Show,50,174,15,2.2
4727,54,2020-05-01,13:00:00,Completed,200,146,10,2.1
4728,55,2022-06-19,09:00:00,Completed,50,131,27,1.3
4729,56,2020-01-14,09:00:00,Completed,0,92,18,2.4
4730,57,2019-05-15,14:00:00,Completed,0,52,35,1.1
4731,58,2021-03-30,17:00:00,No-Show,500,94,32,1.6
4732,59,2020-06-13,16:00:00,Cancelled,500,127,7,2.0
4733,60,2022-02-27,08:00:00,Completed,50,53,25,1.1
4734,61,2022-04-22,18:00:00,No-Show,500,141,5,1.8
4735,62,2021-04-06,12:00:00,Completed,50,85,38,1.1
4736,63,2019-04-08,12:00:00,Completed,200,162,25,2.2
4737,64,2020-04-25,18:00:00,Completed,50,50,25,2.4
4738,65,2021-02-16,19:00:00,Completed,100,48,9,1.2
4739,66,2019-05-31,08:00:00,Completed,350,147,17,1.0
4740,67,2022-05-16,15:00:00,Completed,100,55,8,1.8
4741,68,2021-03-24,15:00:00,Completed,500,127,22,1.2
4742,69,2022-03-22,13:00:00,No-Show,0,50,21,1.2
4743,70,2021-03-10,16:00:00,Completed,500,48,33,1.3
4744,71,2019-02-07,14:00:00,Cancelled,500,157,16,1.4
4745,72,2019-03-15,16:00:00,Cancelled,100,56,6,1.9
4746,73,2019-05-14,16:00:00,Completed,200,147,26,2.1
4747,74,2020-02-18,08:00:00,Completed,100,70,19,1.2
4748,75,2019-03-16,13:00:00,Completed,30,55,36,2.1
4749,76,2022-05-04,14:00:00,Completed,30,58,9,2.0
4750,77,2020-03-16,15:00:00,Completed,200,169,31,2.0
4751,78,2020-05-23,11:00:00,No-Show,30,139,23,1.3
4752,79,2021-06-16,17:00:00,Cancelled,100,61,39,1.0
4753,80,2022-03-11,17:00:00,Completed,350,174,7,2.1
4754,81,2021-01-29,11:00:00,Completed,350,170,38,1.3
4755,82,2020-06-06,15:00:00,Completed,200,128,13,1.5
4756,83,2019-01-14,08:00:00,No-Show,0,105,7,2.2
4757,84,2019-06-15,14:00:00,Cancelled,350,102,25,1.2
4758,85,2020-03-11,19:00:00,Cancelled,0,145,23,2.3
4759,86,2020-06-17,19:00:00,Completed,30,31,21,2.5
4760,87,2019-03-05,18:00:00,No-Show,0,136,21,1.0
4761,88,2019-03-13,10:00:00,No-Show,100,45,21,1.4
4762,89,2020-01-26,10:00:00,Completed,100,147,6,2.1
4763,90,2020-04-28,13:00:00,Cancelled,500,42,17,1.1
4764,91,2021-01-20,15:00:00,Completed,0,106,6,1.0
4765,92,2021-01-03,10:00:00,Completed,100,114,36,1.1
4766,93,2021-04-11,15:00:00,Completed,350,78,32,1.6
4767,94,2019-04-25,10:00:00,Cancelled,500,125,39,2.1
4768,95,2022-01-17,17:00:00,Completed,350,37,28,2.0
4769,96,2021-04-11,13:00:00,No-Show,500,114,36,2.0
4770,97,2022-05-03,12:00:00,Cancelled,200,170,40,1.1
4771,98,2022-06-10,17:00:00,Cancelled,100,53,18,1.6
4772,99,2020-02-03,19:00:00,No-Show,30,89,33,2.4
4773,100,2020-02-14,14:00:00,Completed,500,177,34,1.6
4774,101,2021-03-14,18:00:00,Completed,100,103,10,1.4
4775,102,2022-04-27,14:00:00,Cancelled,100,106,20,1.2
4776,103,2022-01-17,12:00:00,Completed,50,70,36,1.6
4777,104,2021-03-02,12:00:00,Completed,500,158,21,1.5
4778,105,2019-02-16,09:00:00,No-Show,500,36,13,2.3
4779,106,2019-04-10,15:00:00,Completed,350,89,26,1.0
4780,107,2019-05-28,14:00:00,Completed,50,170,34,1.8
4781,108,2020-06-01,09:00:00,No-Show,50,101,13,1.3
4782,109,2022-04-06,12:00:00,Completed,100,143,21,1.7
4783,110,2022-06-19,08:00:00,No-Show,0,68,40,2.2
4784,111,2021-03-30,13:00:00,Completed,0,59,5,1.5
4785,112,2020-02-04,13:00:00,Completed,500,138,12,1.2
4786,113,2022-03-30,16:00:00,Completed,200,127,32,1.3
4787,114,2020-05-15,15:00:00,Completed,350,135,10,2.0
4788,115,2020-05-12,10:00:00,No-Show,500,91,33,1.7
4789,116,2019-02-20,11:00:00,Completed,100,147,23,2.0
4790,117,2020-03-23,10:00:00,Completed,0,128,37,2.2
4791,118,2019-01-16,17:00:00,No-Show,0,165,32,1.3
4792,119,2021-03-30,17:00:00,No-Show,30,78,16,1.9
4793,120,2019-01-21,11:00:00,Completed,100,135,9,1.9
4794,121,2019-04-07,10:00:00,Cancelled,0,120,34,1.1
4795,122,2021-02-02,14:00:00,Completed,200,145,11,1.1
4796,123,2021-03-17,08:00:00,Completed,0,128,29,1.8
4797,124,2019-03-17,08:00:00,No-Show,50,118,8,1.9
4798,125,2021-02-22,17:00:00,Completed,200,36,17,2.4
4799,126,2021-01-03,10:00:00,Cancelled,200,35,23,1.2
4800,127,2020-01-31,19:00:00,No-Show,50,106,6,1.2
4801,128,2022-06-22,10:00:00,Cancelled,500,77,24,1.3
4802,129,2019-03-27,17:00:00,Completed,200,167,19,2.3
4803,130,2020-06-02,09:00:00,Completed,30,155,32,2.2
4804,131,2021-06-15,11:00:00,No-Show,100,88,13,1.5
4805,132,2020-01-16,18:00:00,Completed,50,126,38,1.8
4806,133,2019-01-11,19:00:00,Completed,500,67,15,1.9
4807,134,2019-03-13,12:00:00,Completed,100,133,22,2.0
4808,135,2020-01-01,18:00:00,Completed,500,56,12,1.6
4809,136,2022-06-17,12:00:00,Completed,350,159,7,1.6
4810,137,2021-05-08,16:00:00,Completed,200,173,17,1.8
4811,138,2021-06-28,09:00:00,Cancelled,500,117,34,1.2
4812,139,2019-05-23,19:00:00,Completed,30,130,38,2.1
4813,140,2020-01-01,16:00:00,Completed,100,142,41,2.3
4814,141,2020-01-30,19:00:00,Completed,0,102,20,1.7
4815,142,2022-06-13,11:00:00,No-Show,50,108,27,2.0
4816,143,2020-02-22,14:00:00,No-Show,500,85,37,1.7
4817,144,2019-06-24,19:00:00,Completed,200,119,22,1.9
4818,145,2020-04-19,10:00:00,No-Show,100,179,18,1.4
4819,146,2021-05-25,15:00:00,Completed,30,52,18,2.5
4820,147,2021-04-05,14:00:00,Completed,500,47,31,1.9
4821,148,2020-01-09,15:00:00,Completed,200,54,30,1.2
4822,149,2019-06-16,10:00:00,Completed,0,138,32,1.7
4823,150,2021-06-16,13:00:00,Cancelled,200,117,32,1.6
4824,151,2020-02-28,10:00:00,Completed,500,154,40,2.1
4825,152,2020-03-16,11:00:00,Completed,50,35,6,1.8
4826,1,2019-02-08,12:00:00,Completed,100,169,40,1.5
4827,2,2021-01-26,17:00:00,Cancelled,500,110,19,1.4
4828,3,2020-05-08,11:00:00,Completed,100,145,41,2.1
4829,4,2021-05-16,09:00:00,Completed,200,62,44,2.4
4830,5,2022-05-09,10:00:00,Cancelled,350,85,28,2.2
4831,6,2020-04-01,11:00:00,Cancelled,30,99,23,2.2
4832,7,2020-03-06,15:00:00,Completed,200,105,8,1.8
4833,8,2019-06-26,11:00:00,Completed,200,42,31,2.4
4834,9,2020-01-14,16:00:00,Completed,50,153,43,2.0
4835,10,2022-05-12,18:00:00,Cancelled,100,30,30,2.0
4836,11,2020-01-20,14:00:00,No-Show,200,52,29,2.4
4837,12,2021-04-30,10:00:00,Completed,350,132,36,2.2
4838,13,2019-01-23,14:00:00,Completed,350,58,8,1.4
4839,14,2019-02-02,16:00:00,Completed,100,128,36,2.2
4840,15,2021-01-19,09:00:00,Completed,350,108,31,1.0
4841,16,2021-06-28,19:00:00,Completed,30,34,7,1.8
4842,17,2021-06-13,15:00:00,Cancelled,350,46,18,2.2
4843,18,2019-04-07,11:00:00,No-Show,200,118,22,1.6
4844,19,2019-01-06,18:00:00,Completed,50,120,21,2.4
4845,20,2020-05-05,09:00:00,Completed,350,163,30,1.4
4846,21,2021-06-11,12:00:00,Completed,350,169,41,1.9
4847,22,2020-05-23,16:00:00,Cancelled,0,142,29,2.2
4848,23,2022-04-03,11:00:00,Cancelled,100,120,26,2.4
4849,24,2021-02-28,15:00:00,No-Show,200,166,35,2.4
4850,25,2019-02-19,11:00:00,No-Show,30,166,37,1.4
4851,26,2022-05-03,12:00:00,No-Show,0,117,16,1.8
4852,27,2020-03-16,19:00:00,No-Show,500,178,5,1.7
4853,28,2022-02-26,09:00:00,Completed,200,126,23,1.6
4854,29,2020-02-27,18:00:00,Completed,0,70,21,1.6
4855,30,2019-02-12,11:00:00,Completed,200,136,38,2.4
4856,31,2019-06-09,10:00:00,Completed,500,34,37,1.1
4857,32,2020-01-18,12:00:00,Completed,0,93,19,2.3
4858,33,2022-03-10,10:00:00,Completed,50,172,5,1.4
4859,34,2020-02-20,08:00:00,No-Show,200,73,13,1.9
4860,35,2020-02-22,13:00:00,No-Show,50,85,23,2.3
4861,36,2020-03-05,15:00:00,No-Show,350,111,31,1.6
4862,37,2022-02-09,15:00:00,No-Show,100,160,19,1.8
4863,38,2022-03-30,15:00:00,Completed,500,147,44,1.9
4864,39,2022-02-21,16:00:00,No-Show,200,30,16,2.3
4865,40,2019-06-05,12:00:00,Completed,500,103,28,1.9
4866,41,2022-04-01,16:00:00,No-Show,50,55,25,1.4
4867,42,2021-06-14,17:00:00,Completed,200,38,40,1.8
4868,43,2021-03-10,08:00:00,Completed,50,55,33,1.9
4869,44,2019-06-15,08:00:00,No-Show,30,149,19,1.4
4870,45,2020-01-04,10:00:00,Cancelled,500,131,13,2.3
4871,46,2020-03-15,16:00:00,Completed,200,174,37,2.4
4872,47,2022-02-22,10:00:00,Completed,100,127,9,1.9
4873,48,2019-06-20,10:00:00,No-Show,100,30,27,1.5
4874,49,2020-02-13,17:00:00,Completed,0,171,12,2.4
4875,50,2020-02-26,17:00:00,Completed,350,103,38,1.5
4876,51,2019-04-14,15:00:00,Cancelled,500,129,30,2.0
4877,52,2022-06-25,13:00:00,Completed,500,54,30,2.0
4878,53,2019-06-23,11:00:00,Cancelled,200,113,37,1.0
4879,54,2020-02-13,10:00:00,Completed,200,45,17,2.2
4880,55,2021-04-18,10:00:00,No-Show,0,137,39,1.2
4881,56,2021-06-15,14:00:00,Completed,500,85,21,1.3
4882,57,2021-02-27,15:00:00,No-Show,200,81,26,1.7
4883,58,2021-04-08,17:00:00,Completed,0,151,19,2.0
4884,59,2019-05-28,14:00:00,Completed,500,73,22,1.9
4885,60,2019-03-03,15:00:00,Completed,50,58,16,1.8
4886,61,2022-05-30,16:00:00,Cancelled,350,75,39,2.4
4887,62,2019-03-05,09:00:00,No-Show,500,39,30,1.1
4888,63,2021-03-02,12:00:00,Completed,350,175,34,2.0
4889,64,2020-05-01,13:00:00,Completed,100,169,16,1.2
4890,65,2019-02-11,09:00:00,Completed,30,133,14,1.9
4891,66,2019-06-17,13:00:00,No-Show,50,66,25,1.8
4892,67,2021-01-25,15:00:00,Completed,350,100,21,1.5
4893,68,2021-03-05,08:00:00,Cancelled,500,39,31,2.2
4894,69,2020-03-06,12:00:00,Cancelled,500,105,40,2.1
4895,70,2020-06-13,09:00:00,Completed,30,175,30,2.5
4896,71,2022-01-31,11:00:00,Completed,30,65,5,1.6
4897,72,2022-05-24,18:00:00,Completed,500,142,5,1.9
4898,73,2022-01-01,14:00:00,No-Show,500,64,37,2.4
4899,74,2022-03-06,11:00:00,Completed,500,84,43,1.1
4900,75,2019-01-25,09:00:00,Completed,500,63,7,1.5
4901,76,2021-03-28,10:00:00,No-Show,350,57,31,2.1
4902,77,2022-03-24,13:00:00,Cancelled,30,116,42,2.3
4903,78,2022-01-13,08:00:00,Completed,200,31,27,1.3
4904,79,2021-06-01,08:00:00,Completed,30,138,37,2.2
4905,80,2022-03-07,18:00:00,No-Show,500,160,41,1.8
4906,81,2021-06-25,16:00:00,Completed,30,131,37,2.5
4907,82,2020-03-08,09:00:00,Completed,100,56,31,1.4
4908,83,2021-04-08,11:00:00,No-Show,50,52,28,1.4
4909,84,2021-03-22,19:00:00,Completed,100,42,24,1.4
4910,85,2020-06-12,12:00:00,No-Show,200,178,5,2.1
4911,86,2022-04-23,13:00:00,Completed,200,94,11,2.2
4912,87,2022-05-24,14:00:00,No-Show,200,117,14,1.3
4913,88,2022-01-18,11:00:00,No-Show,200,74,37,1.3
4914,89,2022-06-29,14:00:00,Completed,350,110,18,2.3
4915,90,2021-01-03,19:00:00,Cancelled,50,46,29,1.9
4916,91,2020-05-08,14:00:00,Cancelled,50,60,20,2.2
4917,92,2019-06-05,17:00:00,Completed,350,57,27,2.4
4918,93,2022-01-27,13:00:00,Completed,500,100,7,1.5
4919,94,2019-04-24,09:00:00,Completed,350,36,6,1.7
4920,95,2020-04-29,11:00:00,No-Show,0,43,25,2.3
4921,96,2020-02-21,17:00:00,Completed,500,107,22,2.3
4922,97,2020-03-23,13:00:00,Completed,100,60,13,1.5
4923,98,2019-04-05,19:00:00,Completed,0,120,10,1.8
4924,99,2021-01-08,13:00:00,Completed,30,55,27,1.6
4925,100,2021-03-09,14:00:00,No-Show,100,138,36,1.4
4926,101,2021-01-17,12:00:00,Cancelled,0,35,8,2.2
4927,102,2020-05-26,15:00:00,Completed,100,173,37,2.2
4928,103,2019-02-04,14:00:00,No-Show,50,42,29,1.3
4929,104,2022-03-16,17:00:00,Completed,350,96,7,1.3
4930,105,2022-04-07,09:00:00,No-Show,30,152,40,1.7
4931,106,2021-06-17,18:00:00,Cancelled,200,175,34,1.4
4932,107,2019-03-25,17:00:00,Cancelled,0,160,19,2.1
4933,108,2019-03-02,16:00:00,Completed,200,177,9,1.9
4934,109,2019-03-09,08:00:00,No-Show,30,86,26,1.2
4935,110,2019-03-24,11:00:00,No-Show,500,81,16,1.5
4936,111,2022-04-05,10:00:00,Completed,200,50,7,1.4
4937,112,2019-05-16,08:00:00,Cancelled,30,152,34,2.2
4938,113,2021-05-17,09:00:00,Completed,50,34,20,1.8
4939,114,2022-03-24,12:00:00,Completed,200,48,27,1.4
4940,115,2019-06-11,14:00:00,Completed,200,105,36,1.3
4941,116,2019-06-12,18:00:00,Completed,0,56,31,1.5
4942,117,2022-01-24,14:00:00,Completed,200,99,29,1.5
4943,118,2022-05-19,15:00:00,Completed,350,69,26,1.7
4944,119,2019-03-10,14:00:00,No-Show,200,89,38,1.7
4945,120,2020-01-21,19:00:00,Cancelled,0,85,8,2.3
4946,121,2022-05-11,15:00:00,Completed,30,32,31,2.3
4947,122,2021-01-01,15:00:00,No-Show,0,41,19,2.2
4948,123,2020-02-17,13:00:00,Completed,100,87,31,1.8
4949,124,2022-01-12,18:00:00,No-Show,350,62,28,1.0
4950,125,2021-05-24,14:00:00,Completed,50,60,31,1.9
4951,126,2022-06-19,12:00:00,Completed,50,53,25,1.1
4952,127,2022-06-19,14:00:00,Completed,500,84,21,2.0
4953,128,2022-05-03,13:00:00,Completed,0,42,19,1.1
4954,129,2021-06-07,15:00:00,Completed,500,135,22,1.6
4955,130,2019-01-03,11:00:00,Completed,200,57,27,2.0
4956,131,2019-01-29,12:00:00,No-Show,0,162,5,1.9
4957,132,2021-01-24,16:00:00,No-Show,30,69,44,1.6
4958,133,2021-01-08,16:00:00,Cancelled,200,52,18,1.1
4959,134,2020-05-03,13:00:00,Cancelled,30,164,18,2.0
4960,135,2020-03-16,14:00:00,No-Show,100,170,7,1.4
4961,136,2021-03-11,09:00:00,Completed,500,80,7,1.2
4962,137,2019-02-24,11:00:00,No-Show,100,32,7,2.1
4963,138,2022-05-18,18:00:00,Cancelled,50,67,6,2.2
4964,139,2021-03-30,09:00:00,Completed,100,47,27,1.8
4965,140,2020-05-01,15:00:00,Completed,200,89,42,1.2
4966,141,2022-04-16,19:00:00,No-Show,30,111,37,1.6
4967,142,2019-02-16,19:00:00,Completed,500,178,26,1.2
4968,143,2021-05-17,12:00:00,Cancelled,200,139,23,1.6
4969,144,2022-01-23,10:00:00,Completed,350,72,6,1.5
4970,145,2021-04-23,14:00:00,Completed,50,91,19,1.7
4971,146,2021-05-22,13:00:00,Completed,0,134,28,1.6
4972,147,2020-04-01,13:00:00,No-Show,50,112,32,2.3
4973,148,2022-04-26,19:00:00,Completed,0,38,10,1.3
4974,149,2021-03-18,15:00:00,Completed,200,172,24,1.2
4975,150,2021-04-30,15:00:00,Completed,500,64,17,1.6
4976,151,2020-03-30,18:00:00,No-Show,200,52,39,1.7
4977,152,2019-03-20,11:00:00,Completed,500,85,29,2.5
4978,1,2019-03-06,14:00:00,Completed,0,42,37,2.4
4979,2,2021-04-21,08:00:00,Completed,200,129,42,2.4
4980,3,2019-05-10,09:00:00,Completed,350,44,30,1.8
4981,4,2022-05-02,13:00:00,No-Show,200,67,22,2.3
4982,5,2022-05-24,08:00:00,Completed,50,78,30,2.3
4983,6,2021-02-21,09:00:00,Cancelled,0,120,31,2.0
4984,7,2020-02-26,12:00:00,Completed,30,155,42,1.1
4985,8,2021-06-12,08:00:00,Completed,30,54,28,2.4
4986,9,2021-06-11,10:00:00,Completed,50,36,7,1.8
4987,10,2019-04-19,12:00:00,Completed,200,120,44,1.4
4988,11,2019-04-18,19:00:00,No-Show,500,139,31,2.0
4989,12,2019-01-24,14:00:00,Completed,100,171,13,1.2
4990,13,2019-06-13,10:00:00,Completed,50,31,10,2.1
4991,14,2019-05-22,09:00:00,No-Show,200,121,40,1.1
4992,15,2020-01-17,17:00:00,No-Show,200,116,32,1.9
4993,16,2021-04-25,14:00:00,No-Show,350,59,20,1.5
4994,17,2020-06-23,13:00:00,Completed,200,164,15,2.5
4995,18,2019-05-18,15:00:00,Completed,0,83,22,1.2
4996,19,2020-06-28,14:00:00,Completed,0,169,7,2.3
4997,20,2020-06-17,10:00:00,Completed,50,142,22,2.3
4998,21,2021-02-18,16:00:00,No-Show,350,169,24,1.6
4999,22,2022-05-30,08:00:00,Completed,0,137,36,1.7
5000,23,2020-04-08,10:00:00,Completed,350,30,16,1.8
5001,24,2021-06-26,15:00:00,No-Show,100,163,27,2.3
5002,25,2022-06-29,09:00:00,Completed,100,101,10,1.9
5003,26,2019-02-07,18:00:00,Completed,350,31,15,1.4
5004,27,2022-03-27,10:00:00,Completed,500,151,9,1.5
5005,28,2021-05-19,09:00:00,No-Show,50,36,11,2.1
5006,29,2022-03-12,11:00:00,Completed,200,175,44,2.1
5007,30,2019-05-19,16:00:00,Cancelled,200,127,39,2.3
5008,31,2022-01-17,18:00:00,Cancelled,500,114,9,2.2
5009,32,2022-04-14,08:00:00,Completed,100,89,23,2.1
5010,33,2021-03-24,10:00:00,Completed,30,112,30,2.0
5011,34,2022-01-09,13:00:00,Completed,30,85,42,2.1
5012,35,2019-01-18,18:00:00,Completed,350,157,30,1.4
5013,36,2020-06-12,14:00:00,No-Show,100,79,17,1.1
5014,37,2020-01-21,17:00:00,Completed,500,37,35,1.2
5015,38,2022-03-11,18:00:00,Completed,500,143,31,1.8
5016,39,2019-01-26,13:00:00,Completed,50,179,43,1.2
5017,40,2022-02-06,18:00:00,No-Show,50,173,10,2.3
5018,41,2022-01-03,11:00:00,Completed,200,61,28,1.2
5019,42,2020-05-21,11:00:00,Completed,200,179,32,1.4
5020,43,2022-04-24,18:00:00,Completed,50,99,14,2.4
5021,44,2022-02-12,16:00:00,Completed,50,82,16,2.3
5022,45,2019-03-12,12:00:00,Completed,200,139,37,1.5
5023,46,2019-02-04,15:00:00,Completed,350,101,22,2.0
5024,47,2021-02-02,13:00:00,Completed,30,39,33,2.4
5025,48,2022-04-10,19:00:00,Cancelled,100,116,31,1.2
5026,49,2022-01-22,18:00:00,No-Show,350,111,13,1.6
5027,50,2022-04-09,17:00:00,Cancelled,350,129,36,2.4
5028,51,2019-01-04,12:00:00,Completed,30,137,32,1.6
5029,52,2022-04-29,13:00:00,Cancelled,350,95,44,1.8
5030,53,2021-06-02,17:00:00,Cancelled,100,133,27,1.5
5031,54,2022-02-14,13:00:00,Cancelled,30,109,36,1.1
5032,55,2021-02-08,08:00:00,Completed,100,40,40,1.5
5033,56,2022-05-03,15:00:00,Completed,350,116,6,1.4
5034,57,2021-04-10,19:00:00,Completed,0,178,12,2.2
5035,58,2020-04-06,17:00:00,Completed,100,104,10,1.7
5036,59,2019-05-17,12:00:00,Completed,350,55,33,1.6
5037,60,2021-01-02,11:00:00,Completed,100,93,5,1.8
5038,61,2022-02-23,14:00:00,No-Show,50,175,39,1.5
5039,62,2020-03-02,14:00:00,Cancelled,100,53,30,1.7
5040,63,2021-01-14,18:00:00,No-Show,50,155,15,1.0
5041,64,2021-06-12,08:00:00,Completed,200,137,17,2.1
5042,65,2022-04-27,13:00:00,Cancelled,50,32,14,2.5
5043,66,2019-03-13,18:00:00,No-Show,500,128,38,2.0
5044,67,2021-04-19,16:00:00,Cancelled,350,164,18,1.3
5045,68,2020-06-13,18:00:00,No-Show,30,139,33,2.0
5046,69,2019-04-01,13:00:00,Completed,500,71,9,2.3
5047,70,2019-01-11,09:00:00,No-Show,350,161,8,1.8
5048,71,2019-03-09,18:00:00,Completed,50,98,31,2.4
5049,72,2021-03-02,11:00:00,Cancelled,500,161,17,2.3
5050,73,2019-06-02,17:00:00,Completed,50,134,7,2.2
5051,74,2020-06-25,16:00:00,Completed,350,87,24,1.8
5052,75,2020-03-02,18:00:00,Completed,500,103,42,1.5
5053,76,2019-06-27,13:00:00,Completed,500,173,16,1.0
5054,77,2019-02-07,17:00:00,Cancelled,100,63,36,1.2
5055,78,2019-03-13,13:00:00,Completed,500,139,42,1.6
5056,79,2021-06-20,18:00:00,Completed,30,150,8,1.3
5057,80,2020-04-21,13:00:00,Completed,30,57,40,2.4
5058,81,2021-03-18,16:00:00,Completed,500,148,7,1.3
5059,82,2019-03-11,17:00:00,No-Show,30,102,33,2.3
5060,83,2022-05-12,09:00:00,No-Show,500,69,7,1.3
5061,84,2021-03-11,13:00:00,No-Show,500,66,32,1.9
5062,85,2021-06-26,16:00:00,Cancelled,500,31,8,1.9
5063,86,2022-06-17,19:00:00,Completed,0,59,20,1.8
5064,87,2022-02-09,14:00:00,Completed,0,91,6,1.8
5065,88,2020-05-10,19:00:00,Cancelled,50,70,41,2.5
5066,89,2019-05-16,11:00:00,Completed,100,98,16,1.4
5067,90,2020-03-26,14:00:00,No-Show,0,154,11,1.2
5068,91,2022-06-10,09:00:00,Completed,500,113,29,1.3
5069,92,2022-03-15,09:00:00,Completed,500,88,19,1.4
5070,93,2020-03-23,08:00:00,No-Show,50,124,33,1.7
5071,94,2019-05-15,18:00:00,Cancelled,50,80,13,1.5
5072,95,2022-03-17,11:00:00,Completed,0,35,42,1.2
5073,96,2021-05-11,16:00:00,Completed,200,107,33,1.0
5074,97,2020-01-22,19:00:00,Completed,0,147,42,2.3
5075,98,2022-04-08,09:00:00,Cancelled,350,74,22,2.0
5076,99,2020-04-29,18:00:00,Cancelled,0,54,34,2.4
5077,100,2019-01-11,10:00:00,Completed,500,125,8,1.3
5078,101,2022-03-16,16:00:00,Completed,200,130,17,2.3
5079,102,2021-02-26,08:00:00,Completed,50,174,24,1.8
5080,103,2021-06-11,18:00:00,No-Show,50,50,24,1.3
5081,104,2019-05-01,10:00:00,Completed,50,135,30,1.7
5082,105,2020-02-20,11:00:00,Completed,200,64,10,1.0
5083,106,2021-04-13,17:00:00,Completed,500,90,23,1.2
5084,107,2019-06-20,17:00:00,Completed,0,55,32,1.4
5085,108,2020-05-27,14:00:00,Completed,100,52,8,1.3
5086,109,2022-02-22,11:00:00,Completed,0,141,43,2.1
5087,110,2019-02-15,15:00:00,Cancelled,500,87,8,1.2
5088,111,2019-03-19,11:00:00,Completed,350,115,43,1.1
5089,112,2021-06-20,14:00:00,Cancelled,50,49,12,1.1
5090,113,2021-04-24,12:00:00,Completed,500,56,5,1.1
5091,114,2019-05-04,11:00:00,Completed,200,175,31,2.4
5092,115,2022-06-03,09:00:00,No-Show,50,61,30,2.3
5093,116,2022-02-17,17:00:00,No-Show,30,152,34,1.3
5094,117,2020-04-24,09:00:00,Cancelled,50,163,22,2.4
5095,118,2019-02-22,12:00:00,No-Show,200,94,29,2.4
5096,119,2021-04-22,15:00:00,No-Show,200,39,27,1.7
5097,120,2020-02-08,14:00:00,Cancelled,200,114,34,2.4
5098,121,2020-01-02,13:00:00,Completed,50,43,14,1.9
5099,122,2022-01-09,17:00:00,No-Show,50,123,8,2.3
5100,123,2020-04-11,10:00:00,Cancelled,350,146,14,1.5
5101,124,2019-04-26,18:00:00,Completed,350,116,24,1.5
5102,125,2020-02-02,16:00:00,Completed,350,101,26,1.3
5103,126,2019-01-29,12:00:00,Completed,500,77,43,1.5
5104,127,2020-01-27,15:00:00,Completed,500,124,6,1.7
5105,128,2020-01-24,19:00:00,No-Show,0,100,25,2.0
5106,129,2020-01-07,15:00:00,Completed,30,150,32,2.3
5107,130,2019-04-30,19:00:00,Completed,500,69,7,1.9
5108,131,2022-06-14,10:00:00,Completed,200,109,43,1.4
5109,132,2019-04-10,14:00:00,Completed,500,168,13,1.1
5110,133,2020-03-08,15:00:00,Completed,100,127,21,2.0
5111,134,2022-01-26,08:00:00,Cancelled,100,72,25,2.2
5112,135,2021-04-08,11:00:00,Completed,500,173,40,1.6
5113,136,2020-05-18,11:00:00,Completed,30,84,42,1.2
5114,137,2019-04-25,08:00:00,No-Show,0,107,39,1.2
5115,138,2021-01-02,10:00:00,Completed,350,142,16,2.2
5116,139,2021-03-02,09:00:00,No-Show,350,82,22,1.3
5117,140,2019-01-27,17:00:00,Completed,30,99,40,1.5
5118,141,2020-01-06,18:00:00,No-Show,500,66,24,1.7
5119,142,2022-05-09,15:00:00,Completed,0,113,37,1.9
5120,143,2022-04-26,11:00:00,Completed,350,116,7,2.5
5121,144,2022-01-20,12:00:00,Cancelled,100,119,38,1.0
5122,145,2020-04-24,09:00:00,Cancelled,500,33,24,2.2
5123,146,2019-02-05,15:00:00,Completed,500,83,41,1.4
5124,147,2019-03-04,17:00:00,Completed,50,34,11,1.5
5125,148,2021-02-06,09:00:00,Completed,30,135,39,1.8
5126,149,2019-06-20,17:00:00,Completed,50,106,41,2.0
5127,150,2019-05-13,08:00:00,Completed,200,31,9,1.9
5128,151,2021-01-11,14:00:00,Completed,200,93,5,1.0
5129,152,2021-04-26,11:00:00,Cancelled,100,46,35,2.1
5130,7,2019-01-01,17:00:00,Completed,100,102,13,2.1
5131,136,2022-01-01,07:00:00,Cancelled,500,53,6,1.1
5132,60,2021-01-01,14:00:00,Cancelled,50,95,39,1.6
5133,111,2020-01-01,15:00:00,Completed,50,85,32,1.5
5134,40,2022-01-01,09:00:00,Completed,50,68,29,1.1
5135,89,2019-01-01,15:00:00,Completed,50,162,39,1.2
5136,141,2019-01-01,07:00:00,Cancelled,250,137,41,1.3
5137,18,2019-01-01,06:00:00,No-Show,100,119,10,2.3
5138,26,2019-01-01,12:00:00,Completed,500,138,15,1.6
5139,69,2021-01-02,17:00:00,No-Show,50,88,39,2.1
5140,42,2019-01-02,13:00:00,Completed,250,101,25,2.3
5141,15,2019-01-02,09:00:00,Completed,250,147,22,1.1
5142,146,2022-01-02,17:00:00,Completed,100,172,30,2.3
5143,114,2019-01-02,08:00:00,Completed,100,108,40,1.8
5144,150,2019-01-02,12:00:00,Cancelled,500,137,19,2.5
5145,36,2021-01-02,14:00:00,Completed,50,57,12,1.2
5146,41,2019-01-02,18:00:00,No-Show,500,61,29,1.6
5147,116,2019-01-02,14:00:00,Completed,50,74,39,2.1
5148,88,2020-01-02,07:00:00,Completed,500,85,34,1.0
5149,68,2020-01-02,14:00:00,Completed,50,121,45,1.8
5150,40,2019-01-03,11:00:00,Completed,50,127,36,1.0
5151,93,2020-01-03,18:00:00,Completed,100,59,20,2.3
5152,21,2022-01-03,07:00:00,No-Show,500,62,39,2.1
5153,33,2021-01-03,16:00:00,Completed,100,112,38,2.3
5154,105,2021-01-03,09:00:00,Cancelled,100,124,30,2.5
5155,140,2020-01-03,13:00:00,Cancelled,500,75,20,1.3
5156,87,2021-01-03,06:00:00,Cancelled,100,101,5,1.1
5157,16,2021-01-03,09:00:00,Completed,50,129,9,1.8
5158,72,2020-01-03,16:00:00,Completed,100,78,41,1.9
5159,63,2019-01-03,18:00:00,Completed,500,93,11,1.1
5160,107,2021-01-03,11:00:00,Completed,500,164,8,2.0
5161,16,2020-01-04,12:00:00,No-Show,250,72,20,1.3
5162,134,2020-01-04,13:00:00,Completed,500,91,22,1.7
5163,20,2020-01-04,13:00:00,Cancelled,50,57,39,2.3
5164,24,2019-01-04,18:00:00,Completed,100,149,36,1.7
5165,99,2019-01-04,06:00:00,Completed,500,45,29,1.4
5166,113,2020-01-04,10:00:00,Completed,500,84,17,1.4
5167,15,2021-01-04,15:00:00,No-Show,50,125,8,1.1
5168,119,2021-01-04,14:00:00,Cancelled,100,59,37,1.1
5169,48,2022-01-04,07:00:00,Cancelled,50,105,30,1.2
5170,149,2021-01-05,15:00:00,Completed,50,152,42,1.8
5171,81,2022-01-05,10:00:00,Completed,250,106,21,1.6
5172,77,2022-01-05,13:00:00,Completed,50,47,34,1.9
5173,145,2022-01-05,07:00:00,Completed,100,174,21,1.2
5174,90,2022-01-05,07:00:00,Completed,250,117,15,1.7
5175,136,2019-01-05,17:00:00,Completed,50,121,11,2.4
5176,35,2019-01-05,10:00:00,Completed,50,84,22,1.4
5177,54,2019-01-05,17:00:00,Completed,100,112,37,1.7
5178,14,2021-01-05,07:00:00,No-Show,500,115,7,1.0
5179,34,2022-01-05,16:00:00,Completed,100,158,40,2.1
5180,144,2021-01-05,06:00:00,Completed,50,83,39,1.1
5181,150,2021-01-06,14:00:00,Completed,500,77,7,1.5
5182,11,2022-01-06,11:00:00,Completed,100,71,27,2.2
5183,101,2021-01-06,15:00:00,No-Show,100,105,15,2.5
5184,46,2022-01-06,12:00:00,Completed,100,130,31,2.2
5185,64,2019-01-06,10:00:00,Completed,50,142,7,2.3
5186,57,2019-01-06,09:00:00,Completed,250,123,19,1.3
5187,50,2019-01-06,12:00:00,Completed,250,62,22,1.5
5188,127,2020-01-06,12:00:00,No-Show,250,52,12,2.3
5189,67,2022-01-06,08:00:00,Cancelled,250,54,11,1.9
5190,89,2019-01-06,17:00:00,Completed,500,175,12,1.6
5191,148,2020-01-06,09:00:00,Completed,50,156,5,1.8
5192,134,2021-01-06,16:00:00,No-Show,100,138,32,1.1
5193,85,2021-01-06,15:00:00,Completed,50,121,37,1.5
5194,84,2022-01-07,12:00:00,No-Show,250,77,17,1.6
5195,142,2021-01-07,16:00:00,No-Show,100,122,30,1.8
5196,1,2021-01-07,10:00:00,Completed,100,155,42,1.9
5197,83,2019-01-07,13:00:00,Completed,500,99,37,1.7
5198,44,2021-01-07,16:00:00,Completed,250,176,45,1.9
5199,24,2019-01-07,18:00:00,Completed,250,102,17,1.2
5200,12,2020-01-07,09:00:00,Completed,50,161,31,2.3
5201,148,2020-01-07,09:00:00,No-Show,500,171,30,1.4
5202,2,2019-01-07,18:00:00,Completed,500,101,16,2.2
5203,129,2019-01-07,13:00:00,Completed,100,76,34,1.2
5204,115,2022-01-07,16:00:00,Cancelled,250,158,44,2.2
5205,126,2021-01-07,12:00:00,Cancelled,500,85,35,1.7
5206,64,2020-01-07,16:00:00,Completed,500,106,22,1.7
5207,74,2020-01-07,09:00:00,Completed,250,126,39,1.1
5208,60,2021-01-08,12:00:00,No-Show,100,99,9,1.6
5209,85,2020-01-08,14:00:00,Completed,500,60,18,2.2
5210,96,2019-01-08,18:00:00,Cancelled,50,142,35,1.0
5211,91,2021-01-08,10:00:00,Completed,500,101,36,1.3
5212,108,2022-01-08,13:00:00,Completed,500,131,30,2.1
5213,116,2019-01-08,08:00:00,Cancelled,50,145,42,1.8
5214,7,2020-01-08,07:00:00,No-Show,500,79,34,1.3
5215,67,2020-01-08,12:00:00,Completed,100,161,25,1.5
5216,142,2021-01-08,10:00:00,Completed,250,65,35,1.0
5217,135,2020-01-08,06:00:00,Completed,100,62,7,2.1
5218,52,2021-01-09,06:00:00,Cancelled,100,106,13,1.7
5219,30,2019-01-09,15:00:00,Completed,500,110,28,1.3
5220,30,2020-01-09,18:00:00,Completed,250,72,42,1.0
5221,80,2020-01-09,15:00:00,No-Show,500,146,17,1.1
5222,63,2022-01-09,07:00:00,No-Show,250,75,41,2.2
5223,89,2022-01-09,14:00:00,Completed,250,62,37,2.0
5224,4,2019-01-09,12:00:00,Completed,50,155,28,2.0
5225,114,2019-01-09,17:00:00,Completed,500,90,38,2.4
5226,70,2020-01-09,15:00:00,Cancelled,500,164,32,2.2
5227,152,2021-01-09,10:00:00,Completed,100,67,22,2.3
5228,63,2021-01-09,18:00:00,Completed,500,131,6,1.7
5229,47,2020-01-10,13:00:00,Completed,250,111,26,1.4
5230,71,2022-01-10,14:00:00,Completed,100,66,20,2.1
5231,122,2021-01-10,14:00:00,Completed,500,170,33,2.2
5232,24,2019-01-10,10:00:00,Completed,500,107,24,2.0
5233,95,2019-01-10,13:00:00,Cancelled,250,153,40,1.5
5234,113,2019-01-10,10:00:00,Completed,250,104,12,2.1
5235,81,2021-01-10,07:00:00,No-Show,100,94,18,2.1
5236,71,2020-01-10,17:00:00,Cancelled,250,70,17,1.4
5237,93,2020-01-10,08:00:00,Completed,50,77,22,1.1
5238,14,2022-01-10,14:00:00,Completed,100,170,11,2.3
5239,147,2021-01-10,10:00:00,Completed,500,157,26,1.3
5240,14,2022-01-10,10:00:00,Completed,50,61,30,1.7
5241,148,2022-01-10,16:00:00,No-Show,50,83,14,2.2
5242,22,2020-01-11,09:00:00,Completed,500,102,38,1.6
5243,110,2022-01-11,10:00:00,Cancelled,500,123,41,1.9
5244,26,2022-01-11,18:00:00,Completed,100,112,10,1.2
5245,45,2022-01-11,14:00:00,Completed,100,45,31,1.7
5246,117,2020-01-11,10:00:00,Completed,100,118,23,2.1
5247,113,2022-01-11,07:00:00,No-Show,100,112,45,1.9
5248,51,2022-01-11,12:00:00,Completed,100,83,22,2.2
5249,19,2022-01-11,06:00:00,Completed,250,118,33,1.2
5250,78,2022-01-11,17:00:00,Completed,250,173,39,1.7
5251,21,2020-01-11,15:00:00,Completed,500,127,43,1.4
5252,24,2022-01-11,09:00:00,No-Show,50,113,41,1.1
5253,45,2021-01-11,13:00:00,Cancelled,500,116,16,2.5
5254,122,2021-01-12,07:00:00,Completed,250,149,26,1.5
5255,27,2022-01-12,08:00:00,Completed,500,171,23,2.0
5256,99,2019-01-12,18:00:00,Cancelled,50,161,10,1.5
5257,83,2019-01-12,07:00:00,Completed,50,163,31,1.1
5258,129,2020-01-12,11:00:00,Cancelled,500,158,8,1.3
5259,137,2020-01-12,08:00:00,Completed,500,169,12,1.0
5260,62,2019-01-12,17:00:00,Completed,250,48,40,1.6
5261,58,2019-01-12,07:00:00,Completed,50,84,36,2.4
5262,75,2022-01-12,14:00:00,No-Show,250,151,35,2.5
5263,63,2022-01-12,13:00:00,Cancelled,100,143,17,2.4
5264,127,2021-01-12,17:00:00,Completed,50,115,31,1.5
5265,126,2019-01-12,10:00:00,Completed,250,121,42,1.9
5266,122,2020-01-12,08:00:00,Completed,500,133,26,1.8
5267,136,2021-01-12,12:00:00,Completed,250,93,20,1.9
5268,102,2019-01-13,06:00:00,Completed,500,142,29,2.5
5269,39,2019-01-13,13:00:00,Completed,100,173,42,1.5
5270,26,2021-01-13,13:00:00,Completed,500,48,14,1.6
5271,40,2020-01-13,07:00:00,Completed,250,131,44,2.0
5272,21,2022-01-13,11:00:00,No-Show,500,126,45,2.1
5273,121,2020-01-13,14:00:00,Completed,50,105,45,2.0
5274,74,2020-01-13,09:00:00,No-Show,50,156,11,2.1
5275,26,2021-01-13,13:00:00,Completed,250,52,7,1.5
5276,15,2021-01-13,10:00:00,Completed,250,155,14,1.4
5277,102,2021-01-13,15:00:00,No-Show,100,88,16,1.1
5278,142,2020-01-13,15:00:00,No-Show,100,172,42,1.2
5279,66,2021-01-14,13:00:00,Completed,50,164,23,2.0
5280,41,2019-01-14,07:00:00,Completed,250,121,45,2.4
5281,65,2022-01-14,13:00:00,Completed,100,143,35,1.2
5282,142,2021-01-14,15:00:00,Completed,250,120,6,2.5
5283,98,2021-01-14,10:00:00,Completed,50,172,23,2.2
5284,59,2022-01-14,15:00:00,Completed,100,93,44,1.4
5285,36,2020-01-14,16:00:00,Completed,50,124,33,1.1
5286,94,2020-01-14,17:00:00,Completed,50,120,25,2.1
5287,45,2020-01-14,09:00:00,Completed,250,180,37,2.4
5288,43,2019-01-14,10:00:00,Completed,250,131,12,1.7
5289,20,2020-01-14,08:00:00,Completed,500,138,10,2.2
5290,4,2019-01-14,10:00:00,Cancelled,50,161,28,2.0
5291,68,2021-01-14,15:00:00,Completed,250,72,19,1.7
5292,144,2022-01-14,11:00:00,Cancelled,100,61,45,2.2
5293,78,2022-01-14,16:00:00,Completed,50,80,7,2.4
5294,123,2020-01-15,07:00:00,Completed,100,79,29,1.7
5295,135,2021-01-15,12:00:00,Cancelled,100,151,11,2.3
5296,101,2020-01-15,10:00:00,Completed,250,100,33,1.7
5297,61,2022-01-15,11:00:00,Completed,250,136,8,1.6
5298,49,2020-01-15,07:00:00,Completed,50,99,45,1.9
5299,6,2020-01-15,06:00:00,Completed,100,77,41,1.3
5300,138,2019-01-15,09:00:00,Cancelled,100,104,26,2.2
5301,1,2019-01-15,10:00:00,Completed,100,109,16,1.2
5302,7,2019-01-15,08:00:00,Completed,250,105,42,1.5
5303,45,2020-01-15,10:00:00,Completed,100,152,38,1.2
5304,17,2021-01-15,13:00:00,Completed,250,176,42,1.2
5305,125,2021-01-15,09:00:00,Cancelled,50,178,24,1.7
5306,16,2019-01-16,13:00:00,Completed,500,72,36,2.1
5307,110,2021-01-16,07:00:00,Completed,250,82,9,1.2
5308,150,2021-01-16,14:00:00,No-Show,250,142,43,1.8
5309,113,2021-01-16,14:00:00,Cancelled,500,70,12,2.3
5310,138,2020-01-16,17:00:00,Completed,500,160,19,1.6
5311,113,2019-01-16,12:00:00,Completed,50,125,32,1.5
5312,66,2019-01-16,11:00:00,Completed,500,62,10,2.2
5313,24,2019-01-16,12:00:00,Completed,250,78,40,1.1
5314,32,2019-01-17,12:00:00,Completed,500,58,23,1.9
5315,91,2019-01-17,07:00:00,Cancelled,100,84,35,1.3
5316,28,2020-01-17,11:00:00,Cancelled,250,74,22,1.9
5317,106,2021-01-17,14:00:00,Cancelled,50,113,6,1.3
5318,80,2020-01-17,11:00:00,Completed,50,91,14,1.8
5319,99,2022-01-17,07:00:00,Completed,50,68,38,1.3
5320,104,2021-01-17,13:00:00,Completed,100,139,24,2.1
5321,146,2022-01-17,15:00:00,Completed,50,84,15,2.1
5322,13,2021-01-17,16:00:00,Completed,250,158,32,1.7
5323,110,2021-01-17,12:00:00,Completed,100,176,12,1.5
5324,29,2021-01-17,10:00:00,No-Show,500,179,24,1.1
5325,98,2022-01-17,15:00:00,Completed,50,97,24,2.4
5326,36,2020-01-17,18:00:00,Completed,250,128,12,1.0
5327,45,2022-01-18,08:00:00,Completed,100,173,40,2.3
5328,91,2019-01-18,07:00:00,Completed,50,156,6,1.7
5329,20,2022-01-18,11:00:00,Cancelled,500,148,45,1.6
5330,30,2019-01-18,12:00:00,Completed,250,88,44,1.7
5331,93,2020-01-18,07:00:00,Completed,50,107,32,1.9
5332,131,2019-01-18,07:00:00,Completed,250,131,19,1.5
5333,44,2022-01-18,07:00:00,Cancelled,50,180,37,1.3
5334,90,2020-01-18,11:00:00,No-Show,100,105,11,1.2
5335,51,2021-01-18,08:00:00,Cancelled,100,64,16,2.4
5336,123,2020-01-18,13:00:00,Cancelled,500,127,45,1.5
5337,109,2019-01-18,07:00:00,Completed,500,122,22,1.9
5338,91,2021-01-18,14:00:00,Completed,250,163,33,1.1
5339,95,2019-01-18,10:00:00,Completed,50,174,29,1.7
5340,138,2022-01-18,18:00:00,No-Show,50,160,41,2.0
5341,118,2021-01-19,14:00:00,Completed,50,160,11,2.2
5342,88,2020-01-19,17:00:00,Completed,100,55,20,2.1
5343,109,2021-01-19,14:00:00,Cancelled,100,138,28,2.4
5344,96,2019-01-19,12:00:00,Completed,50,130,9,1.5
5345,139,2021-01-19,16:00:00,Completed,250,109,43,2.3
5346,86,2019-01-19,07:00:00,Cancelled,100,134,24,2.5
5347,97,2022-01-19,08:00:00,Cancelled,50,124,40,1.6
5348,85,2022-01-19,08:00:00,No-Show,50,153,37,1.5
5349,93,2021-01-19,10:00:00,Completed,100,132,36,1.3
5350,36,2019-01-19,08:00:00,Completed,250,70,37,2.2
5351,131,2019-01-19,06:00:00,No-Show,250,78,43,1.6
5352,42,2021-01-19,08:00:00,No-Show,100,157,7,1.6
5353,61,2021-01-19,13:00:00,Cancelled,250,159,19,1.8
5354,117,2021-01-20,09:00:00,Completed,500,163,23,2.2
5355,125,2022-01-20,14:00:00,Completed,100,96,43,1.2
5356,65,2019-01-20,06:00:00,No-Show,500,140,40,2.4
5357,129,2022-01-20,07:00:00,Completed,50,86,22,1.7
5358,128,2021-01-20,08:00:00,Completed,50,101,33,2.3
5359,7,2019-01-20,12:00:00,Completed,500,173,28,1.4
5360,21,2019-01-20,11:00:00,Completed,50,126,11,2.3
5361,86,2022-01-20,18:00:00,Completed,100,54,23,2.4
5362,117,2020-01-20,17:00:00,Completed,500,159,44,1.0
5363,21,2022-01-20,06:00:00,Completed,100,83,40,2.4
5364,132,2022-01-20,12:00:00,Completed,250,105,24,1.2
5365,62,2022-01-20,12:00:00,No-Show,500,61,12,2.3
5366,134,2022-01-21,06:00:00,No-Show,100,81,23,1.6
5367,91,2019-01-21,09:00:00,Cancelled,500,92,10,1.8
5368,93,2021-01-21,07:00:00,Cancelled,50,144,35,1.1
5369,96,2021-01-21,11:00:00,Completed,50,136,9,1.5
5370,27,2020-01-21,18:00:00,Cancelled,250,79,7,1.5
5371,87,2021-01-21,16:00:00,Completed,500,167,45,1.3
5372,35,2020-01-21,07:00:00,No-Show,500,54,23,1.3
5373,52,2019-01-21,06:00:00,Completed,250,176,30,2.5
5374,136,2022-01-21,13:00:00,Completed,50,93,23,1.5
5375,13,2019-01-21,16:00:00,Completed,250,76,28,1.7
5376,99,2022-01-21,17:00:00,Completed,500,131,16,1.7
5377,124,2022-01-21,11:00:00,Cancelled,250,66,32,1.1
5378,47,2021-01-21,14:00:00,Completed,250,71,10,1.5
5379,76,2020-01-21,10:00:00,Completed,500,87,33,1.5
5380,11,2021-01-21,17:00:00,Completed,500,115,45,2.5
5381,20,2021-01-22,16:00:00,No-Show,500,138,37,2.2
5382,41,2020-01-22,06:00:00,Completed,500,53,13,1.1
5383,94,2021-01-22,11:00:00,Completed,50,84,33,2.4
5384,140,2022-01-22,13:00:00,Completed,100,180,28,1.6
5385,72,2019-01-22,09:00:00,Completed,50,92,36,1.8
5386,144,2019-01-22,07:00:00,Completed,250,159,18,2.5
5387,74,2021-01-22,17:00:00,Completed,100,76,13,2.3
5388,112,2019-01-22,08:00:00,No-Show,500,67,25,2.0
5389,137,2022-01-23,14:00:00,Completed,250,85,45,1.3
5390,93,2020-01-23,14:00:00,Completed,50,96,13,1.4
5391,123,2020-01-23,06:00:00,Completed,250,164,40,1.2
5392,23,2022-01-23,07:00:00,Completed,500,167,38,1.6
5393,101,2019-01-23,15:00:00,Completed,100,126,9,1.7
5394,129,2020-01-23,11:00:00,Completed,100,78,32,1.8
5395,15,2020-01-23,07:00:00,Cancelled,100,122,15,1.2
5396,58,2022-01-23,11:00:00,Cancelled,250,65,21,1.3
5397,138,2020-01-23,10:00:00,Completed,250,68,37,2.0
5398,44,2021-01-24,16:00:00,Cancelled,250,55,6,1.1
5399,148,2019-01-24,10:00:00,No-Show,100,151,44,2.0
5400,124,2019-01-24,16:00:00,Cancelled,250,122,35,1.4
5401,100,2020-01-24,10:00:00,Completed,50,60,15,1.7
5402,120,2019-01-24,13:00:00,Completed,250,81,25,2.3
5403,82,2021-01-24,17:00:00,Completed,500,78,28,1.8
5404,28,2020-01-24,11:00:00,Completed,500,76,22,1.7
5405,37,2020-01-24,07:00:00,Completed,250,143,44,1.6
5406,41,2020-01-24,11:00:00,Cancelled,250,93,15,1.7
5407,128,2021-01-24,13:00:00,Completed,250,172,6,1.1
5408,126,2020-01-25,13:00:00,Completed,100,135,8,1.1
5409,123,2021-01-25,15:00:00,No-Show,500,118,39,1.0
5410,28,2020-01-25,12:00:00,Completed,250,138,30,1.5
5411,99,2019-01-25,06:00:00,Cancelled,100,137,40,1.4
5412,143,2022-01-25,14:00:00,Completed,250,75,13,2.5
5413,97,2022-01-25,11:00:00,Completed,250,81,17,1.9
5414,99,2022-01-25,14:00:00,Completed,50,54,13,2.1
5415,118,2022-01-25,14:00:00,Completed,100,176,13,1.5
5416,82,2022-01-25,08:00:00,Completed,250,131,37,2.2
5417,133,2022-01-25,13:00:00,No-Show,250,166,6,1.6
5418,29,2019-01-25,12:00:00,Cancelled,250,51,43,1.7
5419,149,2022-01-25,15:00:00,Completed,50,167,15,1.8
5420,142,2019-01-25,08:00:00,No-Show,100,53,41,2.4
5421,29,2020-01-25,09:00:00,Completed,500,125,31,1.2
5422,102,2022-01-26,14:00:00,Cancelled,500,60,13,1.8
5423,144,2022-01-26,11:00:00,No-Show,500,179,29,1.5
5424,45,2019-01-26,13:00:00,Cancelled,250,135,21,1.9
5425,50,2020-01-26,09:00:00,Completed,250,102,24,2.2
5426,54,2019-01-26,17:00:00,No-Show,500,126,35,1.5
5427,71,2021-01-26,10:00:00,Completed,500,146,27,2.4
5428,38,2021-01-26,10:00:00,Completed,250,65,27,2.4
5429,66,2020-01-26,17:00:00,Completed,100,96,39,1.4
5430,144,2022-01-26,17:00:00,Completed,100,72,44,2.1
5431,62,2021-01-26,09:00:00,Completed,100,104,8,1.2
5432,85,2021-01-26,17:00:00,Completed,50,80,5,2.4
5433,101,2022-01-27,16:00:00,Completed,500,96,23,1.5
5434,16,2021-01-27,18:00:00,Completed,100,54,16,1.6
5435,46,2022-01-27,06:00:00,Completed,500,92,23,2.3
5436,3,2020-01-27,10:00:00,Cancelled,50,130,23,1.7
5437,136,2020-01-27,14:00:00,Completed,100,174,34,1.4
5438,29,2022-01-27,11:00:00,Completed,500,110,16,1.0
5439,87,2022-01-27,18:00:00,Completed,100,89,44,2.3
5440,100,2021-01-27,12:00:00,Cancelled,250,67,30,2.0
5441,48,2021-01-27,08:00:00,Completed,250,108,5,1.4
5442,61,2022-01-27,13:00:00,Completed,250,122,42,2.1
5443,67,2020-01-28,16:00:00,Completed,100,60,12,1.7
5444,41,2020-01-28,12:00:00,No-Show,250,75,45,2.4
5445,76,2019-01-28,11:00:00,Cancelled,100,101,13,1.7
5446,113,2019-01-28,17:00:00,Cancelled,250,151,40,2.4
5447,134,2020-01-28,18:00:00,No-Show,100,108,43,2.3
5448,21,2021-01-28,14:00:00,Completed,250,64,41,1.2
5449,137,2020-01-28,14:00:00,Completed,100,87,25,2.3
5450,110,2022-01-28,07:00:00,No-Show,100,170,10,2.3
5451,15,2019-01-29,13:00:00,Completed,500,161,41,1.1
5452,115,2019-01-29,16:00:00,Completed,50,146,21,2.2
5453,56,2019-01-29,15:00:00,Completed,50,153,27,2.1
5454,135,2020-01-29,06:00:00,Completed,500,53,23,1.6
5455,35,2019-01-29,18:00:00,No-Show,500,140,29,1.7
5456,141,2022-01-29,12:00:00,Completed,100,134,12,1.3
5457,134,2021-01-29,12:00:00,Cancelled,100,102,5,2.1
5458,77,2021-01-29,13:00:00,No-Show,500,142,19,1.4
5459,89,2022-01-29,08:00:00,Completed,100,73,7,2.2
5460,104,2021-01-29,15:00:00,Completed,100,97,9,1.2
5461,9,2021-01-29,13:00:00,Cancelled,50,107,7,1.6
5462,60,2019-01-29,14:00:00,Completed,50,80,37,2.5
5463,60,2020-01-29,17:00:00,Cancelled,250,127,20,1.5
5464,37,2021-01-29,16:00:00,Cancelled,100,150,24,1.4
5465,139,2022-01-29,15:00:00,No-Show,100,154,40,1.7
5466,142,2021-01-30,18:00:00,Cancelled,250,151,31,1.2
5467,141,2021-01-30,08:00:00,Cancelled,500,106,19,1.5
5468,37,2021-01-30,18:00:00,Completed,50,150,31,1.8
5469,35,2020-01-30,12:00:00,Completed,250,97,26,2.0
5470,112,2021-01-30,11:00:00,Completed,100,58,22,1.6
5471,11,2019-01-30,07:00:00,Completed,100,167,18,2.3
5472,86,2020-01-30,10:00:00,Completed,100,93,12,2.1
5473,119,2020-01-30,09:00:00,No-Show,100,146,20,1.8
5474,73,2020-01-30,12:00:00,Completed,250,123,21,1.5
5475,124,2022-01-30,13:00:00,Completed,500,126,18,1.6
5476,102,2019-01-30,06:00:00,Cancelled,100,82,6,1.4
5477,150,2021-01-30,15:00:00,No-Show,500,120,14,1.3
5478,59,2019-01-30,12:00:00,Cancelled,100,172,40,2.0
5479,66,2021-01-31,18:00:00,Completed,500,162,15,2.1
5480,91,2022-01-31,08:00:00,Completed,500,92,39,2.5
5481,16,2020-01-31,14:00:00,Completed,50,57,5,1.6
5482,60,2021-01-31,07:00:00,No-Show,100,47,18,1.8
5483,140,2021-01-31,06:00:00,Cancelled,500,169,6,1.0
5484,138,2019-01-31,12:00:00,Completed,50,180,22,1.8
5485,74,2020-01-31,06:00:00,Cancelled,500,90,11,2.4
5486,131,2022-01-31,08:00:00,Completed,100,179,21,2.2
5487,69,2022-01-31,18:00:00,Completed,50,140,30,1.7
5488,63,2022-01-31,17:00:00,Completed,250,65,7,1.1
5489,142,2022-01-31,12:00:00,Cancelled,500,59,45,1.0
5490,44,2022-01-31,07:00:00,Completed,500,129,41,2.5
5491,25,2019-01-31,14:00:00,Completed,100,99,41,1.7
5492,20,2022-02-01,16:00:00,Completed,50,90,25,1.0
5493,54,2022-02-01,15:00:00,Completed,500,64,24,1.2
5494,62,2019-02-01,15:00:00,Completed,250,143,13,2.2
5495,21,2020-02-01,14:00:00,No-Show,250,58,11,1.7
5496,20,2019-02-01,11:00:00,Cancelled,500,128,6,2.0
5497,112,2022-02-01,13:00:00,Completed,250,141,32,1.3
5498,150,2022-02-01,16:00:00,Completed,50,120,20,2.1
5499,22,2022-02-01,10:00:00,Completed,500,84,29,1.5
5500,24,2019-02-02,06:00:00,Completed,500,137,22,1.2
5501,23,2021-02-02,08:00:00,Completed,500,176,31,1.2
5502,23,2019-02-02,11:00:00,Cancelled,50,128,29,1.0
5503,102,2020-02-02,12:00:00,Completed,100,178,15,2.0
5504,44,2022-02-02,08:00:00,Completed,250,113,36,1.2
5505,43,2019-02-02,12:00:00,Completed,500,121,35,2.2
5506,93,2019-02-02,10:00:00,Completed,500,95,34,1.2
5507,78,2021-02-02,06:00:00,Completed,250,142,26,1.7
5508,107,2022-02-02,16:00:00,Cancelled,100,121,25,1.9
5509,119,2019-02-03,11:00:00,Completed,500,126,23,2.1
5510,122,2019-02-03,15:00:00,Completed,250,141,22,2.2
5511,97,2020-02-03,11:00:00,Completed,100,91,40,1.0
5512,115,2022-02-03,17:00:00,Completed,500,119,9,2.2
5513,101,2020-02-03,16:00:00,Completed,100,122,20,1.4
5514,40,2021-02-03,17:00:00,Completed,500,63,33,2.5
5515,119,2020-02-03,15:00:00,Completed,500,54,28,2.1
5516,134,2019-02-03,15:00:00,No-Show,50,72,20,2.0
5517,91,2020-02-03,08:00:00,No-Show,50,147,26,2.4
5518,107,2020-02-03,07:00:00,Completed,50,111,19,1.8
5519,129,2021-02-03,14:00:00,Cancelled,100,159,28,1.6
5520,89,2022-02-04,06:00:00,Completed,50,120,31,2.4
5521,22,2020-02-04,07:00:00,No-Show,100,134,24,1.5
5522,53,2021-02-04,14:00:00,Completed,250,166,11,1.7
5523,112,2021-02-04,11:00:00,Completed,250,56,12,1.0
5524,88,2022-02-04,16:00:00,Completed,100,107,38,1.3
5525,41,2020-02-04,11:00:00,Cancelled,500,163,19,2.2
5526,48,2019-02-04,08:00:00,No-Show,500,146,6,2.1
5527,51,2020-02-04,13:00:00,Cancelled,500,144,5,2.1
5528,53,2022-02-04,10:00:00,No-Show,50,71,39,1.3
5529,84,2022-02-04,09:00:00,Completed,50,112,36,1.8
5530,96,2021-02-05,15:00:00,Completed,50,134,27,2.3
5531,45,2022-02-05,16:00:00,No-Show,250,66,13,1.5
5532,62,2020-02-05,10:00:00,Completed,100,140,14,1.8
5533,104,2022-02-05,15:00:00,Completed,500,153,16,1.7
5534,134,2019-02-05,17:00:00,No-Show,100,87,36,1.4
5535,48,2019-02-05,11:00:00,Completed,50,136,5,1.7
5536,50,2021-02-05,12:00:00,Cancelled,500,149,36,1.6
5537,110,2022-02-05,13:00:00,Completed,50,52,19,1.4
5538,71,2020-02-05,09:00:00,Cancelled,250,88,34,1.8
5539,123,2021-02-05,14:00:00,Cancelled,50,74,22,2.2
5540,94,2019-02-05,14:00:00,Completed,500,100,32,1.2
5541,64,2020-02-05,10:00:00,Completed,500,112,27,2.3
5542,23,2022-02-05,13:00:00,Completed,100,98,42,2.0
5543,43,2022-02-06,15:00:00,Completed,100,97,8,1.9
5544,133,2020-02-06,10:00:00,Cancelled,100,127,23,1.4
5545,69,2021-02-06,14:00:00,No-Show,50,79,31,2.4
5546,71,2020-02-06,16:00:00,Completed,100,108,14,2.1
5547,64,2021-02-06,18:00:00,No-Show,500,170,14,1.9
5548,69,2021-02-06,16:00:00,Completed,500,160,9,2.0
5549,24,2022-02-06,12:00:00,Cancelled,250,139,34,2.4
5550,84,2019-02-06,15:00:00,Completed,50,162,45,2.0
5551,92,2022-02-06,07:00:00,Cancelled,500,100,32,2.2
5552,123,2021-02-06,10:00:00,Completed,250,131,40,1.9
5553,145,2022-02-06,13:00:00,Completed,50,56,11,1.9
5554,114,2021-02-06,06:00:00,Completed,100,157,34,1.0
5555,106,2019-02-06,09:00:00,No-Show,100,122,15,2.3
5556,71,2022-02-06,07:00:00,No-Show,250,109,10,1.6
5557,14,2022-02-07,12:00:00,No-Show,250,104,32,2.0
5558,25,2021-02-07,06:00:00,Completed,500,64,13,1.9
5559,129,2021-02-07,16:00:00,Completed,50,47,26,2.2
5560,105,2022-02-07,17:00:00,Completed,500,63,19,1.6
5561,27,2021-02-07,07:00:00,Completed,250,121,13,1.6
5562,35,2020-02-07,16:00:00,No-Show,100,62,38,1.8
5563,43,2019-02-07,13:00:00,Completed,100,83,31,1.9
5564,110,2022-02-07,09:00:00,Completed,50,80,12,1.9
5565,143,2019-02-07,11:00:00,Completed,250,80,20,1.4
5566,22,2022-02-07,09:00:00,Cancelled,250,51,24,1.3
5567,97,2020-02-08,10:00:00,No-Show,50,106,36,1.6
5568,62,2021-02-08,13:00:00,No-Show,50,180,5,2.5
5569,82,2022-02-08,08:00:00,Completed,500,138,39,2.0
5570,117,2021-02-08,18:00:00,Completed,50,62,5,1.4
5571,11,2020-02-08,06:00:00,Completed,250,173,31,1.6
5572,99,2021-02-08,07:00:00,No-Show,100,116,10,1.5
5573,127,2019-02-08,09:00:00,Completed,250,145,42,2.0
5574,17,2020-02-08,10:00:00,No-Show,500,106,8,1.4
5575,108,2019-02-08,07:00:00,Completed,50,124,16,1.2
5576,36,2022-02-08,17:00:00,Completed,100,172,27,1.8
5577,67,2019-02-08,08:00:00,Completed,100,113,12,2.2
5578,86,2019-02-09,18:00:00,Completed,250,179,9,1.4
5579,148,2021-02-09,16:00:00,Completed,500,161,37,1.5
5580,124,2022-02-09,15:00:00,Completed,250,85,21,2.2
5581,147,2019-02-09,16:00:00,No-Show,50,103,37,1.0
5582,4,2021-02-09,09:00:00,Completed,500,138,29,2.4
5583,46,2022-02-09,06:00:00,Cancelled,500,102,25,1.4
5584,82,2019-02-09,10:00:00,Completed,250,75,37,2.0
5585,14,2019-02-09,08:00:00,Completed,50,147,9,2.3
5586,80,2020-02-10,11:00:00,Completed,500,47,28,1.3
5587,145,2022-02-10,18:00:00,Completed,100,163,28,1.9
5588,123,2022-02-10,18:00:00,Completed,100,83,5,2.4
5589,7,2022-02-10,09:00:00,Cancelled,250,47,26,1.0
5590,141,2021-02-10,17:00:00,No-Show,250,71,18,1.8
5591,61,2019-02-10,12:00:00,Completed,50,81,22,1.1
5592,60,2021-02-10,14:00:00,Completed,250,162,10,1.9
5593,126,2020-02-10,08:00:00,No-Show,500,64,42,1.9
5594,108,2019-02-10,16:00:00,Completed,100,119,21,2.3
5595,97,2019-02-10,17:00:00,No-Show,250,126,33,1.4
5596,20,2022-02-10,09:00:00,Completed,50,84,11,1.2
5597,116,2019-02-10,11:00:00,Completed,50,136,18,1.7
5598,68,2021-02-11,07:00:00,Completed,100,122,43,1.1
5599,84,2019-02-11,08:00:00,Completed,100,136,30,1.8
5600,77,2022-02-11,10:00:00,Completed,50,148,33,1.8
5601,137,2020-02-11,09:00:00,Completed,500,71,13,1.2
5602,16,2022-02-11,18:00:00,Completed,100,95,30,1.6
5603,22,2022-02-11,15:00:00,Cancelled,250,64,6,2.5
5604,51,2022-02-11,16:00:00,Completed,100,68,26,1.2
5605,115,2021-02-11,06:00:00,Completed,500,146,36,1.0
5606,106,2022-02-11,08:00:00,Completed,100,92,22,1.4
5607,39,2022-02-11,06:00:00,Cancelled,100,120,36,1.6
5608,137,2022-02-11,13:00:00,Completed,50,116,29,1.2
5609,52,2021-02-11,16:00:00,Cancelled,100,49,29,2.2
5610,92,2019-02-11,13:00:00,Cancelled,500,133,41,1.8
5611,96,2021-02-11,10:00:00,Completed,50,126,43,1.3
5612,72,2019-02-11,06:00:00,Completed,250,104,15,1.2
5613,69,2019-02-12,14:00:00,No-Show,50,101,41,2.3
5614,96,2019-02-12,11:00:00,Completed,100,105,42,1.5
5615,92,2021-02-12,15:00:00,Completed,250,81,41,2.4
5616,123,2020-02-12,14:00:00,Completed,100,170,7,1.1
5617,60,2019-02-12,15:00:00,Completed,50,179,35,1.0
5618,52,2022-02-12,18:00:00,Completed,250,90,25,1.1
5619,38,2020-02-12,15:00:00,No-Show,100,73,38,2.3
5620,19,2020-02-12,11:00:00,No-Show,500,70,26,1.5
5621,35,2022-02-12,08:00:00,No-Show,500,169,25,1.3
5622,144,2021-02-12,17:00:00,Cancelled,250,102,42,2.2
5623,141,2022-02-12,10:00:00,No-Show,250,77,16,2.1
5624,146,2022-02-13,06:00:00,Completed,250,101,45,1.8
5625,124,2019-02-13,08:00:00,Completed,50,105,27,2.5
5626,43,2019-02-13,16:00:00,Completed,250,159,5,1.4
5627,64,2022-02-13,17:00:00,Completed,250,110,11,2.1
5628,13,2022-02-13,12:00:00,Completed,500,87,31,1.7
5629,141,2022-02-13,11:00:00,Cancelled,500,70,35,2.2
5630,148,2021-02-13,16:00:00,No-Show,100,86,33,1.1
5631,9,2022-02-13,10:00:00,Completed,250,111,11,1.1
5632,44,2021-02-13,12:00:00,Completed,50,68,26,1.9
5633,120,2020-02-13,17:00:00,Completed,500,87,43,2.3
5634,41,2020-02-13,06:00:00,Completed,250,97,17,1.6
5635,138,2022-02-13,17:00:00,No-Show,250,117,24,1.4
5636,13,2020-02-13,12:00:00,Cancelled,500,84,8,1.5
5637,106,2019-02-13,07:00:00,Completed,500,96,11,1.0
5638,75,2020-02-14,07:00:00,Completed,50,123,30,1.7
5639,68,2022-02-14,07:00:00,No-Show,500,92,28,2.3
5640,95,2020-02-14,08:00:00,Completed,50,112,33,1.7
5641,58,2022-02-14,10:00:00,Cancelled,50,83,11,1.1
5642,89,2021-02-14,18:00:00,Cancelled,500,103,40,1.1
5643,96,2020-02-14,14:00:00,Completed,500,105,35,1.4
5644,98,2022-02-14,17:00:00,Completed,100,75,33,1.3
5645,43,2019-02-14,09:00:00,Completed,100,55,32,1.1
5646,108,2022-02-14,09:00:00,No-Show,100,111,25,2.4
5647,18,2019-02-14,07:00:00,Completed,500,128,22,1.8
5648,151,2021-02-15,14:00:00,Completed,50,151,14,1.2
5649,151,2022-02-15,15:00:00,Completed,50,70,23,2.3
5650,89,2022-02-15,12:00:00,Completed,500,169,41,1.9
5651,10,2019-02-15,08:00:00,Completed,500,81,44,1.9
5652,99,2021-02-15,06:00:00,Completed,250,105,8,2.1
5653,69,2021-02-15,11:00:00,Completed,250,122,24,1.4
5654,122,2019-02-15,17:00:00,No-Show,50,103,13,1.5
5655,110,2019-02-15,18:00:00,Completed,250,151,43,2.0
5656,110,2022-02-16,09:00:00,Completed,500,177,28,2.2
5657,128,2019-02-16,18:00:00,Completed,50,124,37,1.6
5658,131,2021-02-16,15:00:00,Completed,100,94,17,2.3
5659,64,2020-02-16,06:00:00,Completed,50,137,17,1.4
5660,115,2020-02-16,14:00:00,Completed,50,52,20,1.6
5661,111,2019-02-16,08:00:00,Completed,250,133,15,2.3
5662,67,2022-02-16,17:00:00,No-Show,50,117,6,1.6
5663,42,2019-02-16,15:00:00,Completed,100,102,18,1.4
5664,101,2022-02-16,14:00:00,Completed,50,166,13,2.0
5665,3,2020-02-16,09:00:00,Completed,250,115,32,2.3
5666,90,2022-02-16,13:00:00,Completed,100,164,24,2.0
5667,150,2020-02-17,07:00:00,Completed,250,117,24,2.0
5668,120,2019-02-17,07:00:00,Completed,250,128,22,1.4
5669,77,2020-02-17,09:00:00,Completed,100,59,43,1.6
5670,82,2022-02-17,16:00:00,Completed,50,172,23,1.4
5671,104,2019-02-17,12:00:00,Completed,50,93,26,2.1
5672,57,2021-02-17,16:00:00,Cancelled,500,136,37,1.5
5673,44,2021-02-17,16:00:00,Cancelled,100,120,11,1.7
5674,67,2021-02-17,17:00:00,Cancelled,100,130,10,1.3
5675,58,2021-02-17,17:00:00,Completed,500,129,28,1.4
5676,76,2021-02-17,13:00:00,Completed,500,58,45,1.9
5677,19,2022-02-17,13:00:00,Completed,50,142,38,1.4
5678,14,2022-02-17,08:00:00,Completed,100,132,31,2.5
5679,114,2022-02-17,08:00:00,Completed,100,65,36,1.5
5680,46,2021-02-17,11:00:00,No-Show,50,46,33,1.4
5681,148,2022-02-18,18:00:00,Completed,500,67,13,1.9
5682,106,2020-02-18,12:00:00,Completed,500,143,5,1.1
5683,52,2021-02-18,17:00:00,Completed,50,127,38,1.3
5684,2,2022-02-18,16:00:00,No-Show,100,102,27,1.5
5685,27,2019-02-18,12:00:00,Cancelled,250,87,9,2.2
5686,77,2022-02-18,10:00:00,Completed,250,156,13,1.5
5687,122,2022-02-18,11:00:00,Completed,100,148,6,1.3
5688,34,2022-02-18,09:00:00,No-Show,50,174,15,1.2
5689,10,2022-02-18,12:00:00,No-Show,250,57,43,2.5
5690,28,2022-02-18,16:00:00,Completed,50,74,31,1.7
5691,137,2019-02-19,10:00:00,Completed,100,97,45,1.0
5692,104,2020-02-19,16:00:00,Completed,250,80,31,2.2
5693,27,2020-02-19,14:00:00,No-Show,50,117,12,2.2
5694,124,2020-02-19,09:00:00,Cancelled,100,112,38,2.5
5695,92,2021-02-19,17:00:00,Completed,250,86,7,1.8
5696,54,2021-02-19,17:00:00,Completed,250,105,5,1.0
5697,23,2019-02-19,07:00:00,Cancelled,500,83,10,2.2
5698,20,2019-02-19,17:00:00,No-Show,50,110,19,1.7
5699,76,2021-02-19,10:00:00,Completed,50,70,16,2.3
5700,93,2020-02-20,18:00:00,No-Show,250,154,12,1.1
5701,12,2020-02-20,06:00:00,Completed,100,129,27,2.3
5702,69,2019-02-20,17:00:00,Completed,250,132,16,1.2
5703,99,2021-02-20,13:00:00,Completed,500,167,31,2.0
5704,43,2020-02-20,07:00:00,Completed,50,85,11,1.6
5705,152,2020-02-20,13:00:00,Cancelled,500,91,44,1.6
5706,92,2019-02-20,15:00:00,Completed,100,168,36,1.2
5707,102,2021-02-20,13:00:00,Completed,50,111,25,1.0
5708,131,2022-02-20,18:00:00,No-Show,100,131,38,1.8
5709,25,2021-02-20,12:00:00,No-Show,100,168,27,2.0
5710,143,2020-02-20,08:00:00,Cancelled,50,47,15,1.8
5711,117,2019-02-20,13:00:00,Completed,50,170,25,1.4
5712,13,2022-02-21,14:00:00,Completed,500,148,20,1.1
5713,110,2022-02-21,18:00:00,Cancelled,500,67,36,1.7
5714,31,2020-02-21,13:00:00,No-Show,50,71,30,1.6
5715,139,2021-02-21,14:00:00,Completed,50,122,37,1.8
5716,113,2022-02-21,11:00:00,Completed,50,102,34,1.5
5717,118,2019-02-21,17:00:00,No-Show,250,160,12,1.1
5718,57,2022-02-21,06:00:00,Completed,250,119,40,1.8
5719,28,2022-02-21,06:00:00,Completed,500,80,31,1.2
5720,51,2021-02-21,09:00:00,Completed,500,100,34,2.2
5721,49,2019-02-21,17:00:00,Completed,50,151,7,2.4
5722,151,2021-02-21,07:00:00,Completed,500,174,13,2.4
5723,2,2020-02-21,14:00:00,No-Show,50,155,42,1.7
5724,149,2019-02-22,08:00:00,No-Show,100,71,29,2.0
5725,83,2022-02-22,14:00:00,Completed,500,108,22,1.6
5726,88,2020-02-22,10:00:00,Completed,100,80,31,1.9
5727,128,2020-02-22,10:00:00,No-Show,250,100,17,1.3
5728,75,2022-02-22,16:00:00,Completed,100,90,37,1.8
5729,83,2020-02-22,17:00:00,Completed,250,167,42,1.9
5730,103,2022-02-22,16:00:00,No-Show,250,153,5,1.8
5731,7,2020-02-22,12:00:00,Completed,50,59,17,1.4
5732,42,2019-02-22,10:00:00,No-Show,250,82,8,2.0
5733,76,2020-02-22,09:00:00,Cancelled,50,136,33,1.2
5734,144,2022-02-23,12:00:00,Completed,250,57,29,1.6
5735,81,2022-02-23,14:00:00,Completed,50,109,17,1.9
5736,110,2020-02-23,09:00:00,No-Show,250,95,17,1.4
5737,46,2021-02-23,16:00:00,Completed,100,89,37,1.2
5738,11,2021-02-23,12:00:00,Completed,250,78,15,1.9
5739,66,2019-02-23,06:00:00,Completed,500,84,7,1.2
5740,83,2022-02-23,15:00:00,Completed,250,170,41,1.8
5741,19,2020-02-23,18:00:00,No-Show,250,179,19,2.4
5742,130,2021-02-23,07:00:00,Cancelled,100,151,39,1.8
5743,24,2022-02-23,11:00:00,Completed,100,129,26,1.5
5744,56,2020-02-23,18:00:00,Cancelled,500,47,12,2.0
5745,62,2021-02-24,16:00:00,Cancelled,100,55,25,1.6
5746,30,2020-02-24,12:00:00,Completed,250,51,38,2.2
5747,140,2022-02-24,14:00:00,Cancelled,500,169,7,1.4
5748,50,2021-02-24,11:00:00,Cancelled,50,69,15,2.5
5749,134,2020-02-24,14:00:00,Completed,50,98,45,2.2
5750,105,2020-02-24,07:00:00,Completed,500,63,14,1.0
5751,85,2020-02-24,06:00:00,Completed,50,58,16,2.2
5752,139,2019-02-24,07:00:00,Cancelled,100,111,31,1.6
5753,100,2021-02-24,12:00:00,Completed,50,144,12,1.8
5754,17,2022-02-24,18:00:00,No-Show,50,63,27,2.4
5755,28,2021-02-24,10:00:00,No-Show,250,67,23,2.1
5756,109,2019-02-24,12:00:00,Completed,50,166,15,1.8
5757,35,2019-02-24,17:00:00,Completed,250,81,24,2.0
5758,140,2020-02-24,06:00:00,Cancelled,100,76,7,1.0
5759,97,2020-02-24,14:00:00,Cancelled,50,123,18,2.1
5760,55,2019-02-25,12:00:00,No-Show,100,86,16,1.3
5761,65,2020-02-25,09:00:00,Completed,100,58,40,1.7
5762,137,2021-02-25,07:00:00,Completed,50,109,11,1.3
5763,149,2022-02-25,13:00:00,Completed,250,77,20,1.2
5764,18,2021-02-25,09:00:00,Completed,500,160,26,1.9
5765,79,2020-02-25,17:00:00,Cancelled,100,138,25,2.4
5766,44,2021-02-25,06:00:00,Completed,100,101,32,1.4
5767,93,2021-02-25,08:00:00,No-Show,250,167,34,1.7
5768,79,2021-02-25,13:00:00,Cancelled,50,89,43,1.1
5769,72,2020-02-25,08:00:00,Cancelled,100,112,45,1.1
5770,20,2021-02-25,06:00:00,Cancelled,50,148,42,1.3
5771,10,2022-02-25,14:00:00,Completed,500,83,28,1.6
5772,151,2020-02-25,17:00:00,Completed,100,163,37,1.8
5773,94,2022-02-26,14:00:00,Completed,100,87,37,1.2
5774,41,2019-02-26,08:00:00,Cancelled,100,168,27,1.1
5775,121,2021-02-26,09:00:00,Completed,250,139,19,1.1
5776,53,2021-02-26,14:00:00,Completed,500,165,34,2.3
5777,11,2019-02-26,16:00:00,Completed,50,178,45,2.2
5778,68,2021-02-26,15:00:00,Cancelled,100,141,29,1.5
5779,20,2020-02-26,14:00:00,Completed,500,102,38,1.6
5780,89,2022-02-26,13:00:00,Completed,50,173,13,1.7
5781,59,2019-02-26,07:00:00,Cancelled,250,99,14,1.3
5782,93,2019-02-26,15:00:00,No-Show,50,103,31,2.2
5783,30,2021-02-26,13:00:00,No-Show,500,167,18,1.9
5784,102,2020-02-26,06:00:00,Completed,50,77,41,1.9
5785,35,2020-02-26,16:00:00,Cancelled,50,82,8,1.2
5786,47,2019-02-26,14:00:00,Completed,50,117,10,1.3
5787,120,2019-02-27,08:00:00,Completed,500,81,42,2.2
5788,47,2019-02-27,15:00:00,No-Show,250,87,26,2.4
5789,152,2019-02-27,07:00:00,Completed,500,143,13,1.2
5790,52,2020-02-27,14:00:00,Cancelled,500,83,43,1.1
5791,118,2021-02-27,15:00:00,Cancelled,50,173,12,1.1
5792,34,2022-02-27,15:00:00,Cancelled,50,155,38,1.6
5793,12,2021-02-27,17:00:00,Cancelled,500,103,35,2.2
5794,142,2020-02-27,11:00:00,Cancelled,50,153,13,1.4
5795,60,2019-02-27,07:00:00,Completed,500,110,17,1.0
5796,2,2019-02-27,15:00:00,Cancelled,50,178,5,1.6
5797,53,2021-02-27,17:00:00,Completed,500,137,11,1.2
5798,150,2020-02-27,10:00:00,Completed,500,138,44,1.4
5799,98,2022-02-27,18:00:00,Completed,500,168,16,1.6
5800,139,2021-02-27,13:00:00,Completed,250,133,30,2.1
5801,31,2022-02-27,17:00:00,Completed,500,86,11,1.3
5802,87,2019-02-28,18:00:00,Cancelled,50,86,29,2.4
5803,2,2020-02-28,18:00:00,Completed,100,165,43,1.7
5804,17,2019-02-28,10:00:00,Completed,250,65,43,1.1
5805,143,2020-02-28,12:00:00,Cancelled,250,59,16,2.0
5806,109,2020-02-28,06:00:00,Completed,250,94,7,2.2
5807,127,2019-02-28,14:00:00,No-Show,100,88,7,1.5
5808,1,2022-02-28,08:00:00,Completed,250,147,27,2.0
5809,100,2019-02-28,15:00:00,Completed,50,62,10,1.8
5810,144,2022-02-28,15:00:00,Completed,250,115,19,1.9
5811,50,2021-02-28,13:00:00,Completed,50,111,16,1.6
5812,28,2020-02-28,14:00:00,Completed,250,132,12,2.2
5813,66,2022-02-28,14:00:00,Cancelled,250,158,29,1.8
5814,63,2022-02-28,18:00:00,Completed,500,162,42,2.3
5815,120,2020-02-28,07:00:00,Completed,50,142,45,2.2
5816,59,2022-03-01,18:00:00,Completed,500,135,38,1.8
5817,68,2019-03-01,09:00:00,Completed,50,147,26,1.1
5818,46,2019-03-01,13:00:00,Completed,250,100,41,1.4
5819,49,2020-03-01,13:00:00,No-Show,100,105,20,2.3
5820,53,2019-03-01,09:00:00,Completed,100,136,14,2.2
5821,31,2022-03-01,07:00:00,No-Show,500,46,39,2.4
5822,120,2021-03-01,11:00:00,Cancelled,250,171,41,2.3
5823,122,2022-03-01,08:00:00,Cancelled,250,146,19,2.1
5824,33,2019-03-01,06:00:00,Cancelled,500,167,39,1.0
5825,89,2021-03-01,12:00:00,No-Show,100,162,12,2.0
5826,114,2021-03-01,11:00:00,No-Show,50,48,18,1.6
5827,84,2019-03-02,11:00:00,Cancelled,250,92,40,1.4
5828,69,2020-03-02,13:00:00,Cancelled,250,138,16,1.7
5829,54,2019-03-02,12:00:00,No-Show,250,138,30,1.4
5830,47,2019-03-02,15:00:00,Completed,100,70,22,2.2
5831,139,2019-03-02,12:00:00,Completed,100,82,14,1.7
5832,3,2022-03-02,08:00:00,Completed,500,79,45,1.8
5833,81,2020-03-02,18:00:00,Completed,250,109,40,2.3
5834,13,2020-03-02,12:00:00,Completed,100,60,18,2.2
5835,118,2021-03-02,16:00:00,Completed,500,130,21,1.5
5836,89,2022-03-03,06:00:00,Completed,50,134,43,1.3
5837,148,2019-03-03,16:00:00,No-Show,100,117,27,1.5
5838,127,2021-03-03,13:00:00,No-Show,500,65,29,1.9
5839,115,2020-03-03,16:00:00,Completed,100,131,31,1.9
5840,147,2019-03-03,12:00:00,Completed,50,86,26,1.3
5841,82,2021-03-03,16:00:00,Completed,250,146,22,2.3
5842,93,2021-03-03,17:00:00,Cancelled,500,150,15,1.3
5843,6,2021-03-03,08:00:00,No-Show,100,109,10,1.3
5844,98,2020-03-03,07:00:00,Completed,50,166,40,1.1
5845,98,2021-03-03,14:00:00,Completed,50,112,44,1.2
5846,96,2022-03-03,10:00:00,Completed,100,117,33,1.9
5847,34,2021-03-03,14:00:00,Completed,50,53,27,2.3
5848,118,2021-03-04,13:00:00,Cancelled,250,158,13,2.5
5849,135,2020-03-04,08:00:00,Cancelled,500,156,38,2.0
5850,133,2021-03-04,10:00:00,Completed,500,103,10,1.7
5851,94,2020-03-04,12:00:00,Completed,100,122,5,1.0
5852,35,2022-03-04,11:00:00,Completed,500,47,36,2.4
5853,119,2022-03-04,10:00:00,Completed,500,119,43,1.3
5854,2,2020-03-04,14:00:00,Completed,100,150,40,1.7
5855,64,2019-03-04,08:00:00,No-Show,500,141,19,1.4
5856,105,2022-03-04,16:00:00,Completed,250,117,39,2.2
5857,102,2021-03-04,09:00:00,Completed,100,79,23,1.2
5858,113,2020-03-04,15:00:00,Completed,250,170,17,1.5
5859,39,2019-03-04,06:00:00,Cancelled,50,92,11,1.4
5860,33,2022-03-04,17:00:00,Completed,50,104,10,1.2
5861,56,2020-03-05,11:00:00,Completed,250,172,28,1.7
5862,9,2022-03-05,11:00:00,Completed,100,59,22,2.2
5863,19,2019-03-05,14:00:00,Completed,100,94,21,2.2
5864,4,2019-03-05,07:00:00,No-Show,100,143,33,1.4
5865,9,2022-03-05,09:00:00,Completed,50,178,18,1.7
5866,80,2020-03-05,11:00:00,Completed,50,178,12,1.4
5867,77,2021-03-05,09:00:00,Completed,50,100,12,1.4
5868,108,2022-03-05,11:00:00,Completed,100,115,42,1.2
5869,63,2022-03-05,06:00:00,Completed,500,84,28,2.2
5870,64,2022-03-05,08:00:00,Completed,50,131,45,1.1
5871,92,2019-03-05,16:00:00,Completed,50,77,36,1.3
5872,139,2019-03-05,18:00:00,No-Show,250,157,17,1.0
5873,141,2020-03-05,11:00:00,No-Show,100,109,7,1.7
5874,109,2019-03-05,14:00:00,Completed,500,93,41,1.3
5875,90,2019-03-05,11:00:00,No-Show,500,115,43,2.4
5876,18,2022-03-06,14:00:00,Completed,500,120,21,1.8
5877,113,2022-03-06,06:00:00,No-Show,500,92,6,1.9
5878,94,2022-03-06,18:00:00,Cancelled,100,127,9,2.0
5879,134,2021-03-06,12:00:00,Completed,500,84,44,1.4
5880,101,2019-03-06,16:00:00,Completed,50,69,38,2.0
5881,12,2021-03-06,08:00:00,Completed,50,96,11,1.7
5882,26,2021-03-06,06:00:00,Cancelled,500,170,38,1.9
5883,152,2022-03-06,10:00:00,Completed,250,101,43,2.1
5884,4,2022-03-06,09:00:00,No-Show,500,65,34,2.2
5885,16,2020-03-06,11:00:00,Cancelled,500,139,8,2.2
5886,132,2022-03-07,06:00:00,No-Show,50,122,9,2.4
5887,129,2020-03-07,07:00:00,Completed,100,143,17,1.3
5888,64,2020-03-07,15:00:00,No-Show,100,151,11,2.1
5889,148,2020-03-07,11:00:00,No-Show,500,154,11,1.3
5890,47,2021-03-07,14:00:00,Completed,250,85,39,2.5
5891,110,2020-03-07,11:00:00,Completed,250,140,31,2.1
5892,107,2021-03-07,17:00:00,Completed,100,99,29,2.1
5893,66,2020-03-07,11:00:00,Completed,500,146,5,2.1
5894,73,2019-03-07,15:00:00,Completed,100,122,5,1.5
5895,57,2022-03-07,09:00:00,Completed,50,115,40,1.8
5896,147,2020-03-07,15:00:00,Completed,50,54,34,1.5
5897,36,2021-03-07,10:00:00,Completed,100,104,21,2.2
5898,147,2021-03-08,12:00:00,Cancelled,100,64,25,2.2
5899,45,2019-03-08,13:00:00,No-Show,50,121,7,2.1
5900,148,2019-03-08,12:00:00,Completed,50,130,27,2.3
5901,108,2019-03-08,12:00:00,Completed,100,47,45,2.2
5902,142,2019-03-08,06:00:00,Completed,50,126,39,1.8
5903,84,2022-03-08,14:00:00,No-Show,100,84,8,2.0
5904,97,2022-03-08,13:00:00,Cancelled,50,101,32,1.4
5905,97,2021-03-08,08:00:00,Completed,250,66,35,1.9
5906,13,2021-03-08,14:00:00,Completed,250,66,30,1.8
5907,35,2020-03-09,13:00:00,Cancelled,100,169,30,2.0
5908,51,2020-03-09,14:00:00,Cancelled,100,107,9,1.4
5909,107,2020-03-09,11:00:00,No-Show,50,73,31,1.6
5910,90,2022-03-09,09:00:00,Completed,250,51,24,1.3
5911,90,2022-03-09,15:00:00,Completed,100,157,7,2.4
5912,60,2020-03-09,09:00:00,No-Show,250,84,10,1.2
5913,14,2019-03-09,09:00:00,Cancelled,100,118,5,1.5
5914,29,2022-03-09,10:00:00,Completed,500,50,26,1.3
5915,134,2019-03-09,09:00:00,Completed,250,168,44,2.1
5916,37,2021-03-09,17:00:00,No-Show,50,141,42,2.4
5917,66,2019-03-10,08:00:00,Completed,250,96,44,1.4
5918,116,2022-03-10,16:00:00,Completed,50,144,22,2.0
5919,93,2022-03-10,07:00:00,Completed,250,143,19,2.5
5920,127,2019-03-10,17:00:00,Completed,250,169,43,1.8
5921,48,2022-03-10,09:00:00,Cancelled,500,50,7,1.4
5922,132,2022-03-10,10:00:00,Completed,500,145,15,1.0
5923,91,2020-03-10,11:00:00,No-Show,250,105,37,1.4
5924,16,2020-03-10,16:00:00,Completed,500,52,40,2.4
5925,39,2021-03-11,11:00:00,Completed,100,67,29,1.8
5926,59,2022-03-11,12:00:00,Completed,100,154,24,2.4
5927,85,2020-03-11,13:00:00,Cancelled,100,97,13,1.9
5928,52,2019-03-11,08:00:00,Completed,100,155,14,2.0
5929,145,2020-03-11,08:00:00,Completed,50,75,16,1.5
5930,38,2022-03-11,17:00:00,Completed,250,150,31,1.5
5931,71,2020-03-11,08:00:00,Completed,50,78,16,1.0
5932,69,2019-03-11,15:00:00,Cancelled,100,104,19,2.0
5933,92,2019-03-11,07:00:00,No-Show,500,79,37,2.3
5934,117,2020-03-11,17:00:00,No-Show,250,92,29,1.7
5935,36,2019-03-11,08:00:00,Completed,100,53,31,2.1
5936,70,2019-03-12,12:00:00,Completed,100,97,9,1.3
5937,109,2022-03-12,15:00:00,Completed,250,162,20,1.6
5938,11,2022-03-12,15:00:00,No-Show,500,125,30,1.9
5939,147,2020-03-12,15:00:00,Cancelled,50,178,11,1.7
5940,11,2019-03-12,09:00:00,Cancelled,500,55,40,1.6
5941,13,2022-03-12,09:00:00,Completed,500,146,24,2.2
5942,74,2022-03-12,13:00:00,Completed,500,120,44,2.4
5943,129,2020-03-12,08:00:00,Completed,500,68,37,1.2
5944,97,2022-03-13,12:00:00,Completed,500,51,16,1.7
5945,52,2019-03-13,13:00:00,Completed,250,127,15,2.1
5946,32,2021-03-13,07:00:00,Completed,500,137,10,1.8
5947,143,2020-03-13,17:00:00,Cancelled,100,141,40,1.6
5948,44,2022-03-13,11:00:00,Cancelled,100,86,14,1.3
5949,14,2019-03-13,12:00:00,Completed,250,159,23,1.9
5950,31,2022-03-13,08:00:00,Completed,50,109,5,1.7
5951,124,2020-03-13,14:00:00,Completed,500,105,18,1.9
5952,118,2019-03-13,13:00:00,Completed,500,65,43,1.9
5953,63,2020-03-13,14:00:00,Completed,100,57,16,1.2
5954,10,2022-03-14,08:00:00,Completed,250,129,10,1.1
5955,103,2021-03-14,08:00:00,Completed,250,90,34,2.1
5956,93,2020-03-14,06:00:00,Completed,250,127,28,2.3
5957,18,2022-03-14,18:00:00,Completed,50,119,35,1.2
5958,71,2021-03-14,11:00:00,Cancelled,500,179,18,2.0
5959,15,2021-03-14,07:00:00,Cancelled,50,168,43,2.4
5960,74,2020-03-14,12:00:00,Cancelled,250,111,38,1.9
5961,91,2022-03-14,08:00:00,Cancelled,500,178,45,1.7
5962,47,2022-03-14,15:00:00,Completed,250,94,5,1.2
5963,116,2021-03-14,16:00:00,Completed,100,151,31,1.1
5964,90,2020-03-14,14:00:00,No-Show,100,47,45,1.3
5965,73,2020-03-14,10:00:00,Completed,250,121,37,1.8
5966,2,2020-03-14,07:00:00,No-Show,250,132,30,2.1
5967,45,2020-03-15,09:00:00,Completed,250,167,35,2.2
5968,35,2022-03-15,13:00:00,Completed,500,130,34,2.2
5969,102,2022-03-15,17:00:00,Completed,250,125,40,1.8
5970,54,2021-03-15,15:00:00,No-Show,250,135,9,2.5
5971,72,2021-03-15,06:00:00,Completed,500,87,41,1.9
5972,48,2019-03-15,15:00:00,Completed,250,125,7,1.4
5973,23,2019-03-15,13:00:00,Completed,250,160,24,1.3
5974,78,2021-03-15,08:00:00,Completed,250,54,17,2.4
5975,126,2022-03-16,06:00:00,Completed,100,93,26,2.4
5976,131,2020-03-16,10:00:00,Completed,100,70,38,2.0
5977,34,2021-03-16,09:00:00,No-Show,50,162,29,2.1
5978,130,2019-03-16,07:00:00,Completed,250,56,43,2.3
5979,86,2022-03-16,13:00:00,Completed,50,178,24,1.0
5980,80,2021-03-16,16:00:00,Completed,250,96,17,1.4
5981,133,2021-03-16,11:00:00,Completed,50,114,14,1.2
5982,30,2020-03-16,06:00:00,Cancelled,50,97,39,1.5
5983,82,2021-03-16,10:00:00,Completed,250,107,15,1.1
5984,87,2020-03-16,14:00:00,Completed,50,78,6,1.7
5985,13,2020-03-16,07:00:00,Completed,50,67,32,1.6
5986,152,2022-03-16,16:00:00,No-Show,500,136,24,1.5
5987,51,2022-03-16,17:00:00,No-Show,50,164,41,1.2
5988,116,2022-03-16,07:00:00,Completed,250,164,35,1.3
5989,58,2019-03-16,08:00:00,Cancelled,250,138,30,1.3
5990,84,2022-03-17,13:00:00,Completed,50,61,35,1.2
5991,119,2020-03-17,13:00:00,Completed,250,134,43,1.9
5992,127,2022-03-17,07:00:00,Completed,50,128,40,2.0
5993,78,2022-03-17,14:00:00,Completed,500,150,20,1.9
5994,137,2020-03-17,08:00:00,Completed,500,61,26,1.3
5995,152,2021-03-17,12:00:00,Completed,250,105,16,2.0
5996,20,2022-03-17,17:00:00,No-Show,500,74,42,1.9
5997,84,2021-03-17,14:00:00,Completed,500,90,24,2.4
5998,18,2022-03-17,15:00:00,Completed,500,128,36,2.0
5999,16,2019-03-17,07:00:00,Completed,100,45,14,2.0
6000,112,2021-03-17,14:00:00,Completed,500,159,17,1.3
6001,82,2019-03-17,10:00:00,Cancelled,250,156,27,2.5
6002,150,2019-03-17,06:00:00,Cancelled,500,77,23,1.1
6003,1,2021-03-18,17:00:00,Cancelled,250,73,23,2.3
6004,61,2019-03-18,12:00:00,No-Show,500,126,29,1.6
6005,108,2019-03-18,14:00:00,Completed,100,166,13,1.3
6006,143,2019-03-18,11:00:00,Completed,100,118,13,1.2
6007,19,2019-03-18,16:00:00,Completed,100,169,32,2.5
6008,35,2020-03-18,07:00:00,Completed,500,161,43,2.4
6009,47,2019-03-18,13:00:00,Cancelled,500,160,29,1.5
6010,48,2022-03-18,12:00:00,Cancelled,50,172,20,2.1
6011,102,2022-03-19,14:00:00,Cancelled,250,53,7,1.9
6012,95,2022-03-19,07:00:00,Cancelled,500,65,14,2.1
6013,131,2020-03-19,18:00:00,Completed,500,177,10,1.8
6014,23,2022-03-19,09:00:00,Completed,50,124,44,1.1
6015,88,2019-03-19,14:00:00,Completed,500,161,37,2.4
6016,147,2022-03-19,17:00:00,Completed,500,135,23,1.4
6017,10,2022-03-19,17:00:00,Cancelled,250,111,8,1.9
6018,149,2019-03-19,08:00:00,Cancelled,50,119,44,1.0
6019,121,2021-03-19,07:00:00,Completed,50,116,21,1.2
6020,72,2020-03-19,10:00:00,Completed,50,73,43,1.3
6021,152,2022-03-19,17:00:00,Completed,500,139,16,1.4
6022,61,2021-03-19,13:00:00,Completed,50,132,10,2.5
6023,123,2021-03-20,18:00:00,Completed,500,105,33,2.1
6024,43,2020-03-20,09:00:00,Cancelled,250,58,21,2.1
6025,30,2022-03-20,06:00:00,Completed,500,147,35,1.5
6026,133,2022-03-20,09:00:00,Completed,500,166,21,1.2
6027,108,2022-03-20,06:00:00,Completed,500,142,25,2.4
6028,11,2019-03-20,07:00:00,Cancelled,250,155,44,2.4
6029,70,2020-03-20,11:00:00,Completed,250,70,21,2.0
6030,97,2021-03-20,13:00:00,No-Show,100,94,38,1.5
6031,47,2022-03-20,11:00:00,Cancelled,50,47,9,1.0
6032,26,2022-03-20,14:00:00,Completed,500,134,19,2.1
6033,50,2019-03-21,06:00:00,Completed,50,59,43,2.0
6034,56,2020-03-21,15:00:00,No-Show,50,75,10,2.3
6035,34,2021-03-21,12:00:00,No-Show,100,73,16,1.4
6036,116,2020-03-21,16:00:00,Completed,500,115,32,2.0
6037,83,2020-03-21,10:00:00,Completed,50,115,8,1.6
6038,86,2020-03-21,06:00:00,Completed,250,90,33,1.1
6039,52,2022-03-21,15:00:00,Completed,100,170,11,1.2
6040,107,2020-03-21,09:00:00,Cancelled,50,158,21,1.2
6041,19,2019-03-21,07:00:00,Cancelled,250,159,6,2.3
6042,39,2021-03-21,16:00:00,No-Show,50,54,29,1.4
6043,85,2022-03-21,12:00:00,Cancelled,50,176,36,1.7
6044,100,2022-03-21,17:00:00,Completed,100,45,29,2.4
6045,32,2019-03-22,15:00:00,Cancelled,250,130,24,1.6
6046,24,2019-03-22,11:00:00,Cancelled,250,65,34,2.1
6047,75,2020-03-22,16:00:00,Completed,100,55,29,2.0
6048,77,2021-03-22,17:00:00,Completed,50,136,36,1.1
6049,109,2020-03-22,17:00:00,Completed,100,54,17,1.0
6050,152,2020-03-22,09:00:00,Completed,500,61,39,2.0
6051,124,2019-03-22,14:00:00,Completed,50,54,26,1.1
6052,11,2019-03-22,12:00:00,Completed,100,178,34,2.4
6053,134,2019-03-22,08:00:00,No-Show,100,63,7,2.1
6054,122,2021-03-22,16:00:00,Completed,500,56,20,2.1
6055,34,2020-03-22,06:00:00,Completed,50,123,11,1.7
6056,44,2021-03-22,15:00:00,Completed,50,74,36,1.9
6057,57,2020-03-22,07:00:00,Completed,500,131,30,1.5
6058,148,2022-03-22,14:00:00,Completed,250,99,7,1.9
6059,86,2022-03-22,07:00:00,Completed,250,81,31,1.3
6060,138,2021-03-23,08:00:00,Completed,100,55,13,1.1
6061,141,2020-03-23,18:00:00,Completed,50,169,10,1.0
6062,46,2020-03-23,07:00:00,No-Show,250,151,35,2.0
6063,53,2022-03-23,08:00:00,No-Show,250,178,33,1.6
6064,45,2020-03-23,15:00:00,No-Show,50,91,36,1.9
6065,23,2019-03-23,16:00:00,Completed,250,152,5,1.8
6066,50,2022-03-23,07:00:00,Cancelled,50,137,39,1.8
6067,115,2022-03-23,18:00:00,No-Show,100,115,8,1.3
6068,39,2021-03-23,16:00:00,Completed,500,90,15,2.0
6069,12,2020-03-23,06:00:00,No-Show,250,117,18,1.7
6070,86,2021-03-23,15:00:00,Completed,50,71,8,2.4
6071,46,2022-03-23,08:00:00,Completed,500,176,12,1.1
6072,61,2019-03-23,17:00:00,Completed,250,152,17,2.1
6073,59,2021-03-24,18:00:00,Completed,250,103,11,1.4
6074,102,2021-03-24,09:00:00,Completed,100,63,35,1.9
6075,14,2019-03-24,12:00:00,Completed,100,161,16,1.6
6076,35,2022-03-24,13:00:00,No-Show,100,136,22,1.3
6077,33,2019-03-24,06:00:00,No-Show,50,116,13,1.2
6078,116,2022-03-24,13:00:00,Completed,100,132,19,2.3
6079,41,2020-03-24,18:00:00,No-Show,100,103,10,1.6
6080,130,2020-03-24,13:00:00,Completed,500,163,22,1.0
6081,106,2022-03-24,17:00:00,Completed,100,128,32,1.9
6082,152,2020-03-24,08:00:00,Cancelled,50,151,7,1.1
6083,117,2021-03-24,17:00:00,Cancelled,50,153,38,1.6
6084,26,2022-03-24,13:00:00,Completed,100,66,40,2.1
6085,101,2020-03-24,09:00:00,Completed,250,120,20,2.0
6086,5,2020-03-25,13:00:00,No-Show,250,86,34,2.3
6087,150,2021-03-25,06:00:00,Completed,500,80,30,1.3
6088,95,2021-03-25,16:00:00,Completed,50,63,29,2.3
6089,86,2019-03-25,14:00:00,Completed,250,154,22,2.0
6090,135,2022-03-25,15:00:00,Completed,50,130,8,1.8
6091,94,2020-03-25,06:00:00,Completed,500,138,34,1.9
6092,94,2022-03-25,11:00:00,Completed,50,97,13,2.5
6093,62,2022-03-25,14:00:00,Completed,500,98,19,1.5
6094,69,2021-03-25,14:00:00,No-Show,500,115,8,1.1
6095,112,2022-03-26,13:00:00,Cancelled,50,165,39,2.0
6096,133,2021-03-26,10:00:00,Completed,250,61,17,2.3
6097,114,2022-03-26,07:00:00,Completed,500,90,23,2.4
6098,20,2019-03-26,07:00:00,Completed,250,73,14,1.7
6099,53,2021-03-26,14:00:00,No-Show,50,120,31,2.5
6100,135,2020-03-26,08:00:00,Completed,250,152,33,2.1
6101,6,2022-03-26,10:00:00,Completed,50,50,19,2.3
6102,130,2022-03-26,16:00:00,Completed,500,132,25,1.7
6103,132,2021-03-26,14:00:00,Completed,500,122,41,1.2
6104,79,2020-03-26,08:00:00,Completed,100,168,28,2.5
6105,13,2020-03-26,08:00:00,Completed,250,161,15,1.9
6106,42,2020-03-26,17:00:00,Cancelled,250,91,16,2.3
6107,40,2019-03-26,08:00:00,Completed,50,55,25,1.9
6108,67,2021-03-27,11:00:00,Completed,100,53,25,2.5
6109,38,2021-03-27,11:00:00,Completed,100,122,12,2.4
6110,100,2021-03-27,13:00:00,Completed,500,126,14,1.0
6111,136,2020-03-27,14:00:00,Completed,250,166,23,2.5
6112,147,2019-03-27,16:00:00,Completed,500,131,12,2.1
6113,11,2021-03-27,08:00:00,No-Show,50,123,6,1.6
6114,57,2019-03-27,13:00:00,Completed,50,128,8,1.9
6115,50,2021-03-27,15:00:00,Cancelled,100,116,17,1.0
6116,134,2021-03-27,13:00:00,No-Show,50,176,30,1.3
6117,82,2020-03-27,15:00:00,Cancelled,50,137,30,1.2
6118,106,2022-03-27,11:00:00,Completed,250,48,23,1.5
6119,79,2022-03-27,13:00:00,Cancelled,50,100,33,2.1
6120,103,2022-03-27,18:00:00,Completed,250,86,32,2.1
6121,103,2019-03-27,08:00:00,Cancelled,50,81,18,1.5
6122,131,2021-03-27,11:00:00,Completed,500,67,5,1.6
6123,103,2020-03-28,08:00:00,Cancelled,500,80,17,1.3
6124,142,2020-03-28,10:00:00,Cancelled,500,55,24,2.3
6125,78,2022-03-28,13:00:00,Cancelled,500,102,6,2.2
6126,40,2021-03-28,10:00:00,Completed,500,76,23,1.6
6127,122,2020-03-28,17:00:00,No-Show,100,52,12,2.1
6128,123,2020-03-28,07:00:00,Cancelled,250,168,41,1.7
6129,67,2020-03-28,16:00:00,No-Show,500,75,28,1.8
6130,148,2019-03-28,06:00:00,Completed,100,59,14,1.5
6131,35,2021-03-28,11:00:00,Completed,50,114,28,1.6
6132,92,2021-03-28,06:00:00,Completed,250,180,45,2.4
6133,128,2022-03-28,09:00:00,No-Show,100,69,43,2.1
6134,136,2020-03-28,11:00:00,Completed,250,114,28,1.1
6135,37,2021-03-29,06:00:00,Completed,250,140,36,1.6
6136,42,2019-03-29,07:00:00,Completed,100,173,19,2.2
6137,144,2021-03-29,15:00:00,No-Show,50,151,34,2.4
6138,30,2019-03-29,08:00:00,Completed,500,134,24,2.0
6139,36,2021-03-29,13:00:00,Cancelled,250,89,24,1.0
6140,31,2019-03-29,09:00:00,Completed,100,103,24,1.2
6141,34,2019-03-29,07:00:00,Completed,50,64,6,2.2
6142,107,2021-03-29,06:00:00,Completed,50,53,37,1.9
6143,117,2019-03-29,07:00:00,Completed,50,61,24,2.0
6144,25,2021-03-29,18:00:00,Completed,100,96,16,2.0
6145,8,2021-03-29,07:00:00,Completed,250,134,27,1.2
6146,125,2020-03-29,18:00:00,No-Show,100,174,41,1.1
6147,149,2021-03-29,18:00:00,Completed,100,94,23,1.3
6148,26,2020-03-30,09:00:00,Cancelled,500,138,42,1.3
6149,28,2022-03-30,08:00:00,Completed,500,153,18,1.8
6150,101,2020-03-30,07:00:00,Completed,50,164,12,1.8
6151,123,2022-03-30,18:00:00,Completed,250,55,10,1.5
6152,30,2019-03-30,12:00:00,Completed,500,124,33,1.3
6153,101,2020-03-30,10:00:00,Completed,100,62,35,2.4
6154,95,2020-03-30,08:00:00,Completed,500,71,30,1.7
6155,22,2022-03-30,07:00:00,Completed,500,147,42,2.5
6156,17,2020-03-31,11:00:00,Completed,250,96,43,2.3
6157,100,2019-03-31,07:00:00,Completed,500,172,22,2.1
6158,149,2021-03-31,15:00:00,Completed,500,136,35,2.0
6159,100,2020-03-31,13:00:00,Cancelled,250,82,34,1.2
6160,65,2019-03-31,13:00:00,Completed,100,79,6,1.1
6161,14,2021-03-31,07:00:00,Completed,50,90,29,1.9
6162,84,2022-03-31,08:00:00,Completed,50,64,38,2.2
6163,116,2020-03-31,09:00:00,Completed,500,170,37,1.4
6164,88,2022-03-31,18:00:00,Cancelled,50,53,32,2.3
6165,31,2019-03-31,12:00:00,Completed,250,141,33,1.7
6166,46,2022-04-01,14:00:00,No-Show,250,87,36,1.6
6167,80,2020-04-01,17:00:00,Completed,500,73,41,2.0
6168,138,2021-04-01,16:00:00,Cancelled,500,166,40,2.3
6169,126,2019-04-01,06:00:00,Completed,250,171,42,2.5
6170,91,2021-04-01,18:00:00,Completed,250,60,6,1.9
6171,33,2021-04-01,11:00:00,Completed,50,132,29,1.1
6172,89,2020-04-01,11:00:00,Completed,250,59,20,1.4
6173,80,2021-04-01,15:00:00,Completed,50,123,12,1.5
6174,134,2022-04-02,11:00:00,Completed,500,153,41,1.8
6175,104,2022-04-02,10:00:00,Completed,500,50,25,1.6
6176,96,2022-04-02,11:00:00,Cancelled,50,170,11,2.0
6177,53,2022-04-02,11:00:00,Completed,250,87,44,1.4
6178,108,2020-04-02,09:00:00,Completed,50,99,23,1.4
6179,77,2021-04-02,15:00:00,Completed,100,68,42,1.1
6180,87,2019-04-02,10:00:00,Completed,500,154,18,1.5
6181,20,2019-04-02,16:00:00,Completed,250,155,39,1.5
6182,99,2021-04-03,10:00:00,Cancelled,500,91,6,1.9
6183,129,2022-04-03,08:00:00,Cancelled,500,99,34,1.4
6184,133,2019-04-03,18:00:00,Cancelled,500,60,38,1.3
6185,115,2020-04-03,08:00:00,Completed,100,121,32,1.6
6186,17,2019-04-03,16:00:00,Completed,500,113,23,2.0
6187,66,2021-04-03,16:00:00,Cancelled,100,148,20,1.2
6188,50,2019-04-03,06:00:00,Completed,250,163,36,1.8
6189,108,2021-04-03,12:00:00,No-Show,50,96,15,1.4
6190,8,2022-04-03,10:00:00,Completed,100,55,36,2.2
6191,15,2022-04-03,07:00:00,Completed,250,61,31,2.3
6192,24,2020-04-03,12:00:00,No-Show,100,105,12,1.9
6193,125,2022-04-03,07:00:00,Cancelled,250,172,10,1.4
6194,32,2021-04-03,18:00:00,Completed,250,144,20,2.4
6195,56,2020-04-03,08:00:00,Completed,100,99,22,1.7
6196,151,2022-04-04,06:00:00,Completed,250,73,25,1.8
6197,118,2019-04-04,16:00:00,Completed,250,82,28,1.7
6198,95,2022-04-04,10:00:00,Completed,50,58,20,1.4
6199,143,2020-04-04,10:00:00,No-Show,250,76,39,2.3
6200,110,2020-04-04,12:00:00,Completed,500,110,24,1.1
6201,61,2022-04-04,10:00:00,Completed,100,157,45,1.5
6202,101,2020-04-04,18:00:00,Completed,250,65,36,1.7
6203,102,2020-04-04,11:00:00,No-Show,500,70,15,2.0
6204,126,2020-04-04,07:00:00,Completed,500,128,34,2.0
6205,14,2021-04-04,16:00:00,No-Show,100,158,13,1.0
6206,52,2020-04-04,16:00:00,Completed,250,66,12,1.2
6207,129,2019-04-04,17:00:00,No-Show,100,150,25,1.7
6208,67,2020-04-05,08:00:00,No-Show,250,117,17,1.1
6209,95,2022-04-05,08:00:00,Completed,500,102,6,2.4
6210,139,2020-04-05,16:00:00,Cancelled,100,67,34,1.3
6211,44,2019-04-05,06:00:00,Completed,500,111,14,1.1
6212,95,2021-04-05,08:00:00,Cancelled,50,48,38,1.7
6213,113,2020-04-05,16:00:00,Completed,50,102,18,1.3
6214,69,2022-04-05,10:00:00,No-Show,500,142,13,1.6
6215,53,2022-04-05,15:00:00,Completed,250,93,31,1.3
6216,38,2021-04-05,06:00:00,Completed,250,105,44,1.7
6217,64,2019-04-05,11:00:00,Cancelled,500,66,5,1.7
6218,98,2019-04-06,16:00:00,Completed,500,153,43,1.4
6219,25,2022-04-06,14:00:00,Completed,50,130,20,1.7
6220,91,2020-04-06,15:00:00,No-Show,50,46,21,1.8
6221,142,2022-04-06,10:00:00,Completed,250,78,40,1.1
6222,46,2022-04-06,10:00:00,Completed,500,131,34,1.2
6223,82,2019-04-06,17:00:00,Cancelled,500,81,21,1.2
6224,12,2019-04-06,08:00:00,Completed,250,137,32,1.4
6225,68,2019-04-06,15:00:00,Completed,250,156,15,1.5
6226,122,2019-04-06,18:00:00,Completed,500,58,17,1.2
6227,59,2019-04-06,08:00:00,Completed,500,111,15,2.1
6228,108,2020-04-06,07:00:00,Completed,50,158,27,2.5
6229,144,2022-04-06,13:00:00,Completed,500,73,14,1.2
6230,24,2022-04-06,09:00:00,Completed,100,88,37,2.2
6231,150,2021-04-07,06:00:00,Cancelled,100,151,9,1.4
6232,124,2020-04-07,16:00:00,Completed,250,51,23,2.0
6233,32,2019-04-07,12:00:00,Completed,50,127,14,1.0
6234,114,2019-04-07,17:00:00,No-Show,500,161,45,2.4
6235,2,2022-04-07,11:00:00,Completed,500,128,41,1.2
6236,13,2020-04-07,18:00:00,No-Show,250,127,8,2.1
6237,137,2021-04-07,15:00:00,Completed,50,147,21,1.3
6238,99,2021-04-07,07:00:00,Completed,100,86,29,2.2
6239,73,2020-04-07,16:00:00,No-Show,100,75,24,1.7
6240,107,2020-04-07,17:00:00,Completed,100,136,11,2.2
6241,128,2019-04-07,09:00:00,Completed,500,144,35,1.4
6242,24,2020-04-08,18:00:00,Completed,250,92,32,1.9
6243,24,2019-04-08,06:00:00,Cancelled,250,163,19,2.0
6244,40,2021-04-08,13:00:00,Cancelled,50,119,34,1.7
6245,119,2022-04-08,10:00:00,Completed,100,121,20,1.8
6246,76,2019-04-08,15:00:00,Completed,50,56,37,1.2
6247,105,2019-04-08,12:00:00,Completed,500,109,27,1.4
6248,21,2021-04-08,18:00:00,Cancelled,50,74,34,1.3
6249,47,2020-04-08,12:00:00,Completed,50,151,24,1.5
6250,113,2019-04-08,18:00:00,No-Show,500,112,26,2.5
6251,48,2019-04-08,09:00:00,Completed,50,111,11,1.7
6252,5,2019-04-08,06:00:00,Completed,50,48,15,2.0
6253,114,2020-04-08,17:00:00,Completed,500,122,44,2.2
6254,93,2019-04-08,17:00:00,No-Show,500,122,10,1.2
6255,4,2021-04-08,09:00:00,Completed,50,93,6,1.3
6256,62,2022-04-09,12:00:00,No-Show,100,67,24,2.2
6257,38,2019-04-09,13:00:00,Completed,50,74,15,2.4
6258,110,2021-04-09,13:00:00,Completed,50,160,42,1.4
6259,76,2020-04-09,15:00:00,Completed,50,130,5,1.2
6260,107,2019-04-09,12:00:00,Completed,250,54,36,1.6
6261,128,2022-04-09,15:00:00,No-Show,500,104,8,1.8
6262,105,2019-04-09,15:00:00,Completed,50,113,31,2.3
6263,30,2019-04-09,13:00:00,Cancelled,250,159,32,1.0
6264,74,2019-04-09,17:00:00,Completed,500,133,33,1.3
6265,57,2019-04-09,15:00:00,No-Show,250,164,13,2.3
6266,103,2020-04-10,16:00:00,No-Show,250,165,15,1.9
6267,73,2019-04-10,17:00:00,No-Show,50,168,13,1.3
6268,41,2019-04-10,15:00:00,Completed,50,151,36,1.5
6269,54,2021-04-10,14:00:00,Completed,50,136,21,1.5
6270,41,2022-04-10,08:00:00,Cancelled,50,61,26,1.6
6271,59,2020-04-10,07:00:00,Cancelled,100,169,21,2.5
6272,91,2019-04-10,18:00:00,Completed,250,83,37,1.9
6273,27,2019-04-10,17:00:00,Completed,500,162,12,2.5
6274,27,2019-04-10,14:00:00,Completed,50,87,45,1.2
6275,53,2021-04-10,11:00:00,Completed,250,158,37,1.7
6276,26,2019-04-10,08:00:00,No-Show,250,130,13,1.2
6277,52,2020-04-10,13:00:00,Completed,50,107,35,1.5
6278,126,2019-04-10,08:00:00,Completed,250,140,31,1.5
6279,63,2019-04-10,08:00:00,Cancelled,500,103,13,2.2
6280,101,2022-04-11,13:00:00,Cancelled,250,52,33,1.2
6281,3,2020-04-11,17:00:00,Cancelled,50,66,26,1.5
6282,43,2021-04-11,12:00:00,Completed,500,54,14,2.4
6283,15,2020-04-11,16:00:00,No-Show,250,152,30,2.3
6284,138,2019-04-11,10:00:00,No-Show,250,133,5,2.2
6285,132,2019-04-11,15:00:00,Completed,500,159,18,2.3
6286,110,2021-04-11,17:00:00,Completed,500,95,24,1.1
6287,134,2019-04-11,11:00:00,Completed,100,178,39,1.4
6288,24,2020-04-11,14:00:00,Cancelled,250,178,26,2.1
6289,41,2020-04-11,06:00:00,Completed,250,106,24,2.1
6290,126,2022-04-11,07:00:00,No-Show,50,140,21,1.9
6291,91,2020-04-11,07:00:00,Completed,50,159,24,1.9
6292,2,2021-04-11,13:00:00,Completed,100,104,27,1.4
6293,147,2021-04-11,16:00:00,Completed,500,178,20,1.2
6294,93,2022-04-12,13:00:00,Completed,100,153,31,1.1
6295,16,2021-04-12,12:00:00,Completed,500,99,33,1.1
6296,131,2020-04-12,12:00:00,Cancelled,500,112,42,1.7
6297,105,2020-04-12,13:00:00,No-Show,500,151,15,1.2
6298,33,2020-04-12,13:00:00,No-Show,500,78,37,2.3
6299,31,2022-04-12,17:00:00,Completed,500,166,7,2.1
6300,144,2019-04-12,11:00:00,Completed,500,73,12,1.6
6301,75,2022-04-12,06:00:00,Cancelled,100,75,28,1.5
6302,140,2019-04-12,10:00:00,Completed,500,52,14,1.2
6303,151,2022-04-12,12:00:00,Completed,250,117,18,1.3
6304,122,2019-04-12,06:00:00,Completed,250,62,7,1.6
6305,145,2021-04-13,13:00:00,Completed,500,166,43,1.2
6306,36,2021-04-13,14:00:00,No-Show,500,160,33,1.2
6307,84,2020-04-13,07:00:00,Cancelled,500,144,19,2.4
6308,87,2020-04-13,14:00:00,Completed,500,116,10,2.3
6309,7,2022-04-13,15:00:00,No-Show,250,76,40,1.1
6310,135,2019-04-13,15:00:00,Completed,100,166,37,2.3
6311,31,2019-04-13,16:00:00,Cancelled,100,49,22,2.2
6312,63,2021-04-13,17:00:00,Cancelled,500,66,39,1.9
6313,99,2020-04-13,15:00:00,Completed,500,50,26,1.7
6314,103,2022-04-13,06:00:00,Cancelled,250,142,21,1.1
6315,26,2020-04-13,14:00:00,Completed,250,81,16,1.4
6316,23,2022-04-13,08:00:00,Completed,500,88,8,1.9
6317,47,2022-04-14,06:00:00,No-Show,50,121,29,1.1
6318,37,2021-04-14,12:00:00,Completed,250,141,12,1.1
6319,62,2021-04-14,18:00:00,Cancelled,100,171,37,2.1
6320,143,2021-04-14,07:00:00,Completed,50,126,34,1.8
6321,17,2022-04-14,13:00:00,Completed,500,104,6,1.4
6322,151,2022-04-14,16:00:00,Completed,100,77,24,1.9
6323,111,2022-04-14,07:00:00,No-Show,100,81,28,1.8
6324,44,2019-04-14,18:00:00,Completed,500,160,7,1.0
6325,115,2021-04-14,15:00:00,Completed,100,45,8,2.4
6326,120,2020-04-14,10:00:00,Cancelled,250,142,27,2.3
6327,55,2021-04-14,15:00:00,Cancelled,250,56,15,2.1
6328,145,2019-04-14,07:00:00,Completed,50,146,12,2.2
6329,139,2020-04-14,10:00:00,Completed,100,174,25,2.3
6330,67,2022-04-15,18:00:00,No-Show,500,114,20,2.0
6331,83,2019-04-15,11:00:00,Completed,500,129,6,2.4
6332,35,2019-04-15,16:00:00,Completed,500,46,5,2.0
6333,102,2020-04-15,14:00:00,No-Show,500,145,39,1.1
6334,20,2022-04-15,14:00:00,Completed,500,76,27,2.5
6335,141,2021-04-15,15:00:00,Completed,500,90,5,1.2
6336,95,2022-04-15,09:00:00,Completed,50,101,6,2.1
6337,92,2021-04-15,09:00:00,Completed,250,101,19,2.5
6338,93,2019-04-15,06:00:00,Completed,500,98,5,1.3
6339,98,2022-04-15,07:00:00,Completed,500,88,40,1.3
6340,145,2021-04-15,16:00:00,No-Show,100,61,42,1.2
6341,17,2020-04-15,08:00:00,Completed,100,178,22,1.3
6342,6,2019-04-15,17:00:00,No-Show,250,161,5,2.4
6343,83,2021-04-16,12:00:00,Completed,250,76,38,1.7
6344,93,2021-04-16,14:00:00,Completed,100,57,22,2.4
6345,133,2019-04-16,13:00:00,Completed,50,145,17,1.5
6346,147,2019-04-16,18:00:00,Completed,100,153,9,2.4
6347,51,2019-04-16,08:00:00,Completed,250,61,45,1.9
6348,8,2020-04-16,13:00:00,Completed,50,130,21,1.4
6349,118,2020-04-16,09:00:00,Completed,50,130,38,2.2
6350,19,2022-04-16,18:00:00,Cancelled,500,69,45,1.7
6351,22,2020-04-17,06:00:00,Completed,500,125,9,2.2
6352,16,2022-04-17,18:00:00,Completed,50,122,44,1.9
6353,17,2021-04-17,07:00:00,No-Show,50,58,23,2.3
6354,99,2021-04-17,07:00:00,Cancelled,500,104,43,2.2
6355,3,2019-04-17,13:00:00,Completed,500,154,44,1.9
6356,87,2021-04-17,16:00:00,No-Show,50,161,38,1.5
6357,50,2021-04-17,07:00:00,Completed,50,62,42,2.2
6358,50,2021-04-17,15:00:00,Completed,250,135,31,1.7
6359,110,2021-04-17,08:00:00,Completed,100,56,8,1.2
6360,128,2019-04-18,16:00:00,Completed,250,82,14,1.7
6361,88,2021-04-18,10:00:00,Completed,50,177,42,2.0
6362,38,2020-04-18,06:00:00,Completed,50,153,27,1.3
6363,52,2019-04-18,16:00:00,Completed,50,132,17,2.0
6364,116,2021-04-18,15:00:00,No-Show,250,130,44,1.4
6365,85,2019-04-18,08:00:00,Completed,500,55,36,1.3
6366,1,2021-04-18,16:00:00,Completed,100,164,44,1.3
6367,120,2019-04-18,17:00:00,Completed,500,97,30,1.3
6368,2,2021-04-18,11:00:00,Completed,50,136,6,1.8
6369,37,2022-04-18,10:00:00,Completed,100,137,7,2.5
6370,51,2021-04-18,09:00:00,Completed,100,101,21,2.1
6371,87,2020-04-18,14:00:00,Completed,100,95,6,1.3
6372,68,2020-04-18,07:00:00,Completed,100,142,12,1.5
6373,54,2021-04-18,10:00:00,Completed,100,139,28,2.0
6374,17,2022-04-19,07:00:00,Completed,100,93,17,1.8
6375,140,2020-04-19,11:00:00,Cancelled,500,107,7,2.1
6376,151,2022-04-19,09:00:00,Cancelled,250,83,25,1.4
6377,72,2021-04-19,08:00:00,Cancelled,500,98,10,2.2
6378,17,2021-04-19,08:00:00,Cancelled,500,175,28,1.7
6379,115,2022-04-19,08:00:00,Completed,250,179,35,2.1
6380,123,2019-04-19,13:00:00,Completed,500,54,18,1.3
6381,52,2022-04-19,13:00:00,Completed,500,100,24,1.6
6382,141,2020-04-19,15:00:00,Completed,250,110,40,1.1
6383,22,2022-04-19,10:00:00,Completed,250,103,42,1.1
6384,128,2019-04-19,15:00:00,Completed,500,160,34,1.6
6385,95,2020-04-19,18:00:00,Completed,250,114,29,1.0
6386,110,2021-04-19,09:00:00,Completed,50,136,10,1.4
6387,125,2022-04-19,14:00:00,Cancelled,50,115,19,1.1
6388,93,2020-04-20,06:00:00,Cancelled,100,130,17,2.0
6389,65,2019-04-20,10:00:00,No-Show,250,93,43,2.5
6390,136,2022-04-20,10:00:00,Completed,250,117,27,2.2
6391,100,2021-04-20,12:00:00,Cancelled,50,165,37,2.5
6392,39,2019-04-20,12:00:00,Completed,100,98,35,1.4
6393,151,2020-04-20,18:00:00,Cancelled,500,163,26,2.2
6394,81,2020-04-20,09:00:00,Completed,500,98,33,1.7
6395,139,2019-04-20,06:00:00,Completed,100,77,24,2.4
6396,3,2021-04-20,13:00:00,No-Show,250,131,19,1.6
6397,134,2022-04-21,10:00:00,Completed,50,53,13,1.2
6398,85,2020-04-21,15:00:00,No-Show,500,142,18,2.4
6399,17,2022-04-21,14:00:00,Completed,100,166,11,1.5
6400,112,2021-04-21,16:00:00,Completed,50,88,11,2.0
6401,46,2021-04-21,06:00:00,No-Show,500,51,16,1.3
6402,143,2019-04-21,10:00:00,Completed,100,119,38,1.1
6403,15,2022-04-21,11:00:00,Cancelled,50,88,25,2.3
6404,102,2019-04-21,12:00:00,Completed,50,78,39,1.6
6405,18,2021-04-21,12:00:00,Completed,100,97,24,1.6
6406,118,2020-04-21,08:00:00,Cancelled,250,96,37,2.1
6407,114,2019-04-21,10:00:00,Completed,50,81,33,1.1
6408,99,2020-04-21,15:00:00,Completed,250,170,34,1.7
6409,11,2021-04-21,17:00:00,Completed,250,161,27,2.1
6410,77,2022-04-21,12:00:00,Cancelled,100,151,20,1.3
6411,114,2019-04-22,12:00:00,No-Show,100,69,30,2.0
6412,12,2022-04-22,09:00:00,Completed,250,119,9,2.0
6413,56,2020-04-22,13:00:00,Completed,50,139,9,2.1
6414,126,2021-04-22,18:00:00,Completed,500,160,15,1.4
6415,126,2021-04-22,06:00:00,Completed,50,63,45,2.0
6416,115,2020-04-22,12:00:00,Completed,500,94,30,1.1
6417,65,2022-04-22,07:00:00,No-Show,100,128,34,1.7
6418,18,2019-04-22,07:00:00,Cancelled,100,157,13,1.7
6419,72,2021-04-22,08:00:00,Completed,50,70,16,1.4
6420,133,2022-04-22,17:00:00,Completed,100,64,5,2.0
6421,40,2021-04-22,13:00:00,Completed,100,100,7,2.3
6422,133,2020-04-22,09:00:00,Completed,50,178,11,1.6
6423,79,2020-04-22,13:00:00,Completed,50,57,29,2.2
6424,64,2019-04-22,11:00:00,Completed,100,68,6,1.6
6425,87,2021-04-23,09:00:00,No-Show,50,101,11,2.2
6426,43,2021-04-23,17:00:00,Completed,50,151,37,1.2
6427,84,2021-04-23,11:00:00,Cancelled,100,98,39,1.6
6428,106,2022-04-23,07:00:00,Completed,100,72,27,1.5
6429,4,2021-04-23,12:00:00,No-Show,250,48,29,1.3
6430,57,2020-04-23,07:00:00,No-Show,250,139,7,1.1
6431,56,2022-04-23,12:00:00,Completed,500,71,39,2.2
6432,146,2021-04-23,08:00:00,Completed,50,128,45,2.0
6433,86,2019-04-24,08:00:00,No-Show,250,168,9,1.5
6434,150,2020-04-24,13:00:00,Completed,100,173,42,2.1
6435,4,2020-04-24,09:00:00,Completed,50,124,20,2.1
6436,63,2019-04-24,15:00:00,Completed,50,80,28,1.7
6437,52,2019-04-24,08:00:00,Completed,100,54,20,2.4
6438,110,2019-04-24,17:00:00,Completed,100,116,25,2.0
6439,11,2021-04-24,14:00:00,Completed,250,51,19,2.3
6440,85,2020-04-24,11:00:00,Completed,100,58,20,2.2
6441,57,2020-04-24,15:00:00,Completed,250,91,33,1.9
6442,17,2020-04-24,13:00:00,Completed,100,58,45,2.5
6443,33,2019-04-25,07:00:00,Completed,100,105,37,1.1
6444,116,2020-04-25,10:00:00,Completed,100,107,32,1.3
6445,64,2021-04-25,10:00:00,Completed,500,96,22,2.3
6446,120,2022-04-25,07:00:00,Completed,500,141,15,1.7
6447,105,2020-04-25,14:00:00,Cancelled,500,84,35,1.0
6448,142,2021-04-25,12:00:00,Completed,250,84,40,2.1
6449,66,2022-04-25,12:00:00,Completed,250,161,23,1.6
6450,120,2021-04-25,07:00:00,Completed,100,165,17,1.2
6451,49,2019-04-25,06:00:00,Completed,250,170,30,2.4
6452,98,2021-04-25,17:00:00,Completed,500,170,24,2.0
6453,151,2019-04-25,07:00:00,Completed,50,76,29,2.4
6454,50,2022-04-26,18:00:00,Completed,250,134,37,2.1
6455,95,2021-04-26,17:00:00,Completed,500,153,20,1.4
6456,9,2020-04-26,11:00:00,No-Show,50,82,21,1.9
6457,38,2022-04-26,10:00:00,Completed,100,48,12,2.2
6458,143,2021-04-26,12:00:00,No-Show,50,177,17,2.3
6459,43,2021-04-26,12:00:00,Completed,250,173,39,2.0
6460,142,2022-04-26,15:00:00,Completed,500,67,11,2.0
6461,89,2020-04-26,08:00:00,Completed,100,146,24,1.0
6462,44,2020-04-26,13:00:00,Completed,50,62,31,1.8
6463,74,2022-04-26,17:00:00,Completed,100,90,28,1.3
6464,51,2020-04-27,13:00:00,Completed,50,160,41,2.2
6465,48,2019-04-27,09:00:00,Completed,100,94,21,2.5
6466,101,2019-04-27,13:00:00,No-Show,50,87,10,1.4
6467,141,2022-04-27,07:00:00,Completed,50,132,6,1.9
6468,119,2020-04-27,13:00:00,No-Show,50,47,8,1.4
6469,2,2020-04-27,16:00:00,Cancelled,50,69,18,1.8
6470,2,2022-04-27,12:00:00,Cancelled,250,169,35,2.1
6471,106,2022-04-27,11:00:00,Completed,250,125,20,2.4
6472,99,2022-04-27,12:00:00,Cancelled,50,136,26,2.2
6473,1,2022-04-27,13:00:00,No-Show,500,80,6,1.9
6474,64,2019-04-28,11:00:00,Completed,500,176,31,2.0
6475,1,2021-04-28,16:00:00,Completed,50,137,7,2.5
6476,84,2021-04-28,16:00:00,Completed,100,169,30,2.1
6477,21,2020-04-28,11:00:00,Completed,500,70,29,1.4
6478,50,2022-04-28,17:00:00,Completed,50,77,36,2.2
6479,78,2021-04-28,16:00:00,Cancelled,500,88,33,2.4
6480,120,2019-04-28,16:00:00,Cancelled,100,107,18,1.3
6481,23,2019-04-28,07:00:00,Completed,50,86,25,2.4
6482,72,2020-04-28,09:00:00,No-Show,250,166,12,2.0
6483,133,2021-04-28,16:00:00,No-Show,500,68,26,2.3
6484,148,2019-04-28,18:00:00,Cancelled,50,132,29,2.4
6485,142,2021-04-28,16:00:00,No-Show,500,104,19,1.4
6486,23,2019-04-29,07:00:00,Completed,250,93,12,1.9
6487,33,2021-04-29,11:00:00,Completed,50,124,8,1.9
6488,49,2021-04-29,12:00:00,Completed,250,138,13,1.8
6489,152,2020-04-29,09:00:00,Completed,500,47,39,2.3
6490,81,2022-04-29,08:00:00,Completed,100,172,34,1.2
6491,73,2019-04-29,08:00:00,No-Show,50,126,24,1.8
6492,32,2019-04-29,10:00:00,No-Show,500,100,36,1.4
6493,141,2021-04-29,06:00:00,Completed,100,98,19,2.1
6494,14,2019-04-29,18:00:00,Completed,500,145,24,2.5
6495,41,2022-04-29,06:00:00,Cancelled,500,131,32,2.0
6496,90,2020-04-29,18:00:00,Completed,500,63,38,2.1
6497,73,2020-04-29,17:00:00,Completed,500,69,13,1.5
6498,78,2021-04-30,13:00:00,No-Show,100,80,33,2.0
6499,75,2020-04-30,08:00:00,Completed,100,95,5,1.5
6500,148,2022-04-30,07:00:00,No-Show,100,141,32,2.0
6501,44,2019-04-30,06:00:00,Completed,250,166,16,2.4
6502,31,2019-04-30,14:00:00,No-Show,250,156,14,1.9
6503,100,2021-04-30,09:00:00,Completed,50,106,30,1.7
6504,45,2020-04-30,16:00:00,No-Show,500,67,34,2.3
6505,142,2020-04-30,10:00:00,No-Show,500,139,5,1.2
6506,32,2019-05-01,13:00:00,No-Show,100,50,42,1.9
6507,147,2021-05-01,13:00:00,Completed,50,91,29,1.7
6508,108,2022-05-01,10:00:00,Cancelled,100,70,25,1.1
6509,134,2021-05-01,08:00:00,Completed,50,145,40,2.2
6510,132,2020-05-01,13:00:00,Completed,50,98,12,1.3
6511,47,2022-05-01,06:00:00,Cancelled,500,125,12,1.1
6512,148,2019-05-01,09:00:00,No-Show,100,67,40,1.4
6513,9,2020-05-01,07:00:00,Completed,250,138,39,1.3
6514,1,2019-05-01,09:00:00,Completed,50,177,23,2.0
6515,36,2019-05-02,15:00:00,Completed,250,178,27,1.9
6516,127,2022-05-02,09:00:00,No-Show,50,56,20,1.1
6517,37,2022-05-02,10:00:00,Completed,100,100,42,1.5
6518,33,2020-05-02,17:00:00,Cancelled,500,64,40,1.4
6519,142,2022-05-02,16:00:00,Completed,500,161,10,2.4
6520,105,2020-05-02,17:00:00,Completed,100,63,45,2.1
6521,50,2019-05-02,17:00:00,Completed,100,152,14,1.5
6522,108,2022-05-02,12:00:00,Completed,100,64,22,1.2
6523,29,2022-05-02,16:00:00,Cancelled,500,61,26,2.0
6524,93,2022-05-02,11:00:00,Completed,100,102,22,1.0
6525,141,2020-05-02,09:00:00,Completed,50,76,16,1.8
6526,79,2020-05-02,15:00:00,Completed,50,180,27,2.1
6527,73,2022-05-02,14:00:00,Completed,50,57,15,1.5
6528,96,2019-05-02,08:00:00,Completed,500,167,42,1.2
6529,3,2021-05-02,16:00:00,Cancelled,100,77,14,1.6
6530,14,2021-05-03,17:00:00,No-Show,250,108,43,1.6
6531,114,2022-05-03,08:00:00,Completed,250,164,37,1.4
6532,106,2021-05-03,14:00:00,No-Show,100,123,45,2.3
6533,79,2022-05-03,12:00:00,Completed,50,65,9,2.1
6534,24,2021-05-03,08:00:00,Cancelled,50,66,23,1.8
6535,123,2019-05-03,18:00:00,Completed,500,175,13,1.7
6536,128,2019-05-03,16:00:00,No-Show,50,148,5,1.9
6537,2,2022-05-03,17:00:00,Completed,250,107,38,2.0
6538,11,2020-05-03,15:00:00,Completed,100,179,19,1.3
6539,94,2021-05-03,08:00:00,Cancelled,250,58,32,1.7
6540,44,2019-05-03,11:00:00,Completed,250,108,39,2.3
6541,31,2019-05-03,10:00:00,Completed,500,120,21,1.3
6542,56,2021-05-04,10:00:00,No-Show,50,163,44,2.3
6543,15,2019-05-04,11:00:00,Completed,500,129,24,1.5
6544,2,2019-05-04,11:00:00,No-Show,100,147,27,1.0
6545,107,2021-05-04,13:00:00,Completed,50,180,37,2.3
6546,102,2020-05-04,07:00:00,Completed,50,84,21,1.3
6547,98,2020-05-04,11:00:00,Completed,250,154,16,1.8
6548,69,2020-05-04,07:00:00,Completed,500,86,13,1.5
6549,108,2020-05-04,06:00:00,Completed,100,73,17,1.4
6550,35,2019-05-04,12:00:00,Completed,250,53,15,2.0
6551,119,2022-05-04,16:00:00,Completed,50,152,36,1.8
6552,33,2020-05-04,11:00:00,Completed,500,78,12,2.4
6553,6,2022-05-04,08:00:00,Completed,250,173,5,2.2
6554,61,2022-05-04,06:00:00,No-Show,250,154,43,2.1
6555,108,2020-05-04,13:00:00,Completed,250,169,10,2.1
6556,40,2019-05-05,17:00:00,Cancelled,100,108,22,2.2
6557,68,2020-05-05,17:00:00,Completed,500,95,35,2.1
6558,27,2020-05-05,17:00:00,No-Show,100,93,42,1.9
6559,39,2022-05-05,09:00:00,Completed,100,147,7,1.4
6560,50,2022-05-05,08:00:00,Completed,50,96,10,2.3
6561,142,2020-05-05,12:00:00,Cancelled,250,104,19,1.5
6562,119,2019-05-05,06:00:00,Cancelled,500,58,24,1.2
6563,94,2020-05-05,10:00:00,Completed,500,108,25,2.3
6564,47,2021-05-05,06:00:00,Completed,50,127,18,1.4
6565,72,2021-05-05,15:00:00,Completed,500,92,21,2.4
6566,94,2020-05-05,11:00:00,Completed,50,69,5,2.0
6567,85,2022-05-06,11:00:00,No-Show,250,180,43,1.6
6568,71,2020-05-06,09:00:00,Cancelled,500,67,11,1.2
6569,31,2019-05-06,06:00:00,Cancelled,100,94,33,2.4
6570,20,2022-05-06,14:00:00,Cancelled,250,122,35,2.5
6571,52,2020-05-06,14:00:00,No-Show,100,56,13,1.3
6572,137,2020-05-06,17:00:00,Completed,250,138,33,1.9
6573,31,2022-05-06,12:00:00,Completed,500,152,38,2.4
6574,125,2019-05-06,18:00:00,Completed,100,115,13,1.4
6575,145,2020-05-06,06:00:00,No-Show,100,146,36,2.0
6576,128,2019-05-06,07:00:00,Completed,500,175,29,1.8
6577,99,2020-05-07,15:00:00,Completed,100,92,5,1.2
6578,56,2022-05-07,15:00:00,No-Show,50,176,34,1.8
6579,131,2020-05-07,10:00:00,Completed,100,120,22,1.8
6580,44,2019-05-07,09:00:00,Completed,100,119,7,2.0
6581,72,2022-05-07,08:00:00,Completed,50,108,18,1.8
6582,1,2019-05-07,16:00:00,Completed,250,128,10,2.4
6583,137,2022-05-07,10:00:00,No-Show,100,149,44,1.4
6584,15,2020-05-07,16:00:00,Completed,250,101,22,1.3
6585,5,2019-05-07,14:00:00,No-Show,50,142,21,2.3
6586,138,2022-05-07,09:00:00,Completed,100,128,22,1.3
6587,98,2021-05-07,08:00:00,Completed,100,156,28,1.2
6588,119,2022-05-07,07:00:00,Completed,100,162,16,2.2
6589,46,2021-05-07,09:00:00,Cancelled,500,91,23,1.0
6590,42,2020-05-07,08:00:00,Completed,100,62,14,1.1
6591,113,2021-05-08,16:00:00,Completed,50,179,13,2.1
6592,4,2020-05-08,15:00:00,Completed,500,143,6,1.2
6593,4,2019-05-08,18:00:00,No-Show,50,78,20,2.2
6594,69,2020-05-08,08:00:00,No-Show,50,47,11,1.8
6595,87,2021-05-08,17:00:00,Completed,100,80,35,2.1
6596,110,2021-05-08,08:00:00,Completed,250,167,14,1.4
6597,136,2019-05-08,17:00:00,Completed,50,50,7,1.2
6598,76,2019-05-08,07:00:00,Cancelled,500,81,5,2.4
6599,7,2019-05-08,09:00:00,Completed,500,82,27,2.0
6600,58,2021-05-08,16:00:00,Completed,50,170,15,2.5
6601,58,2020-05-08,07:00:00,Completed,250,64,44,1.5
6602,22,2021-05-09,06:00:00,Cancelled,100,90,32,1.8
6603,47,2021-05-09,16:00:00,Completed,100,122,44,2.2
6604,90,2021-05-09,07:00:00,Completed,500,139,21,2.2
6605,20,2020-05-09,18:00:00,Completed,100,82,25,1.2
6606,111,2019-05-09,17:00:00,Completed,50,73,41,1.6
6607,72,2022-05-09,08:00:00,Completed,250,77,16,2.2
6608,91,2020-05-09,11:00:00,Completed,500,168,31,1.9
6609,86,2021-05-09,08:00:00,No-Show,100,143,31,1.8
6610,134,2020-05-09,14:00:00,Completed,100,143,10,1.9
6611,104,2021-05-09,14:00:00,Cancelled,100,67,20,1.5
6612,53,2022-05-09,06:00:00,Completed,500,79,12,1.1
6613,90,2020-05-09,11:00:00,Completed,250,162,14,2.3
6614,138,2020-05-09,12:00:00,Completed,100,102,8,2.1
6615,37,2019-05-10,12:00:00,No-Show,50,153,28,1.1
6616,28,2019-05-10,16:00:00,Cancelled,50,167,43,2.3
6617,8,2021-05-10,08:00:00,Completed,100,65,20,1.1
6618,146,2019-05-10,12:00:00,Completed,100,165,13,2.1
6619,77,2020-05-10,13:00:00,Completed,250,158,5,1.4
6620,40,2022-05-10,06:00:00,No-Show,50,89,37,1.2
6621,98,2022-05-10,12:00:00,No-Show,500,111,41,1.8
6622,59,2022-05-10,12:00:00,Completed,250,68,38,1.6
6623,33,2021-05-10,17:00:00,Completed,500,59,19,1.6
6624,116,2019-05-11,13:00:00,Completed,500,142,15,1.1
6625,140,2021-05-11,16:00:00,Completed,100,114,11,1.2
6626,93,2019-05-11,15:00:00,Completed,50,106,23,1.2
6627,28,2019-05-11,07:00:00,Completed,50,124,17,1.8
6628,9,2022-05-11,09:00:00,Completed,50,56,41,2.5
6629,120,2021-05-11,06:00:00,Completed,250,68,24,1.0
6630,92,2020-05-11,18:00:00,Completed,500,173,17,1.5
6631,97,2022-05-11,17:00:00,Completed,100,69,26,1.6
6632,125,2022-05-11,07:00:00,Cancelled,100,51,42,2.2
6633,151,2020-05-12,06:00:00,Completed,100,83,34,1.1
6634,24,2022-05-12,17:00:00,Completed,100,81,15,2.5
6635,125,2021-05-12,14:00:00,No-Show,250,159,13,1.5
6636,93,2019-05-12,15:00:00,Completed,50,144,20,1.3
6637,20,2022-05-12,08:00:00,Cancelled,500,69,5,1.2
6638,80,2020-05-12,14:00:00,Completed,500,69,34,1.5
6639,76,2020-05-12,08:00:00,Completed,250,138,27,1.1
6640,46,2019-05-12,17:00:00,Completed,250,166,21,2.1
6641,110,2022-05-12,16:00:00,Completed,50,169,7,1.5
6642,74,2019-05-12,12:00:00,Completed,100,157,28,1.8
6643,81,2021-05-12,11:00:00,Completed,500,174,33,1.4
6644,11,2021-05-12,15:00:00,No-Show,50,107,40,1.0
6645,27,2019-05-12,10:00:00,Completed,100,147,9,1.3
6646,115,2019-05-12,16:00:00,Completed,250,164,34,2.0
6647,116,2021-05-12,07:00:00,Completed,100,72,30,2.2
6648,99,2022-05-13,11:00:00,Completed,250,132,43,1.7
6649,118,2022-05-13,07:00:00,Completed,500,54,39,1.2
6650,117,2022-05-13,08:00:00,No-Show,100,126,41,1.0
6651,142,2021-05-13,06:00:00,Completed,500,166,18,1.1
6652,6,2021-05-13,18:00:00,No-Show,500,114,21,2.0
6653,22,2020-05-13,08:00:00,Completed,250,148,10,1.4
6654,112,2019-05-13,12:00:00,Cancelled,100,111,16,2.2
6655,24,2019-05-13,12:00:00,Completed,250,87,17,1.5
6656,104,2020-05-13,13:00:00,Completed,100,156,27,2.4
6657,147,2019-05-13,12:00:00,Completed,100,64,42,1.9
6658,83,2022-05-13,16:00:00,No-Show,250,48,14,2.3
6659,124,2021-05-14,11:00:00,Completed,500,112,38,2.1
6660,112,2019-05-14,08:00:00,No-Show,500,69,7,1.3
6661,49,2022-05-14,12:00:00,No-Show,100,141,18,1.5
6662,49,2019-05-14,16:00:00,Cancelled,50,139,28,1.0
6663,79,2021-05-14,14:00:00,Completed,500,161,31,1.6
6664,91,2019-05-14,14:00:00,Completed,250,74,16,1.7
6665,140,2019-05-14,08:00:00,Cancelled,100,156,29,1.4
6666,108,2021-05-14,16:00:00,Completed,50,67,11,1.1
6667,5,2020-05-14,15:00:00,Completed,50,172,44,2.4
6668,26,2019-05-14,16:00:00,Completed,50,119,31,1.3
6669,138,2020-05-15,12:00:00,Completed,100,165,12,1.5
6670,115,2022-05-15,12:00:00,No-Show,500,46,28,2.2
6671,126,2020-05-15,10:00:00,Completed,250,123,31,2.0
6672,2,2020-05-15,12:00:00,Completed,50,51,14,2.2
6673,129,2022-05-15,17:00:00,Cancelled,250,130,15,2.4
6674,107,2022-05-15,09:00:00,Cancelled,500,94,44,2.0
6675,14,2019-05-15,18:00:00,Cancelled,500,77,45,1.6
6676,45,2021-05-15,12:00:00,Completed,100,156,19,1.1
6677,33,2020-05-15,14:00:00,Completed,500,111,40,1.2
6678,83,2021-05-15,09:00:00,Completed,50,51,32,1.0
6679,152,2019-05-15,08:00:00,Completed,50,142,6,2.1
6680,34,2019-05-15,13:00:00,No-Show,250,92,20,2.0
6681,57,2022-05-15,10:00:00,Completed,100,141,21,2.0
6682,71,2021-05-15,07:00:00,Completed,50,71,12,1.7
6683,32,2021-05-15,07:00:00,Completed,250,112,16,1.1
6684,93,2020-05-16,09:00:00,Completed,50,170,6,1.6
6685,121,2020-05-16,16:00:00,Completed,100,152,29,2.3
6686,112,2020-05-16,18:00:00,Completed,100,121,5,2.4
6687,146,2019-05-16,16:00:00,Cancelled,50,75,26,2.5
6688,120,2022-05-16,15:00:00,Cancelled,50,85,38,2.1
6689,32,2022-05-16,09:00:00,Cancelled,50,50,38,1.8
6690,40,2022-05-16,09:00:00,Completed,50,100,6,1.5
6691,57,2022-05-16,07:00:00,No-Show,100,113,22,1.7
6692,24,2021-05-16,11:00:00,No-Show,250,164,36,1.7
6693,99,2022-05-16,09:00:00,Completed,100,95,22,2.4
6694,27,2020-05-16,15:00:00,Cancelled,250,87,18,2.4
6695,121,2021-05-16,12:00:00,Completed,500,114,25,1.9
6696,143,2019-05-16,12:00:00,Completed,250,140,45,2.2
6697,112,2022-05-16,08:00:00,Completed,250,149,23,1.9
6698,132,2019-05-16,11:00:00,Completed,50,74,16,2.2
6699,48,2021-05-17,11:00:00,Completed,50,100,28,1.6
6700,81,2020-05-17,07:00:00,Completed,250,47,26,1.3
6701,146,2019-05-17,18:00:00,Completed,100,61,29,1.4
6702,55,2022-05-17,14:00:00,Completed,50,116,43,2.4
6703,20,2022-05-17,15:00:00,No-Show,500,156,25,2.2
6704,51,2021-05-17,09:00:00,Completed,500,172,7,2.5
6705,104,2019-05-17,07:00:00,Completed,500,88,43,1.5
6706,143,2021-05-17,09:00:00,Cancelled,50,117,6,2.0
6707,148,2019-05-17,06:00:00,Completed,250,78,30,1.1
6708,133,2022-05-17,14:00:00,Completed,250,49,9,1.7
6709,103,2020-05-17,17:00:00,Completed,250,126,27,1.6
6710,139,2022-05-17,18:00:00,Completed,500,57,30,1.4
6711,113,2019-05-17,13:00:00,No-Show,50,140,44,1.2
6712,58,2021-05-17,06:00:00,Completed,100,71,25,2.3
6713,58,2019-05-18,08:00:00,Completed,100,139,39,2.5
6714,14,2022-05-18,10:00:00,Completed,50,57,24,1.1
6715,85,2019-05-18,17:00:00,Cancelled,500,114,15,2.4
6716,150,2021-05-18,13:00:00,Completed,100,126,14,2.1
6717,102,2019-05-18,16:00:00,Completed,50,178,38,1.4
6718,119,2022-05-18,16:00:00,Completed,250,127,35,1.3
6719,68,2021-05-18,18:00:00,Completed,50,135,40,2.3
6720,63,2021-05-18,16:00:00,No-Show,100,64,9,2.5
6721,16,2022-05-18,09:00:00,Completed,100,164,29,1.3
6722,27,2022-05-18,11:00:00,Completed,250,124,34,2.0
6723,126,2021-05-18,07:00:00,Completed,100,138,29,2.5
6724,128,2020-05-18,09:00:00,Completed,100,62,22,1.6
6725,79,2021-05-18,15:00:00,No-Show,50,82,34,2.3
6726,29,2020-05-18,09:00:00,Completed,500,92,22,1.0
6727,91,2019-05-19,10:00:00,Completed,50,135,32,1.3
6728,98,2020-05-19,14:00:00,Completed,250,58,33,1.4
6729,26,2020-05-19,06:00:00,No-Show,500,153,17,1.4
6730,100,2021-05-19,08:00:00,Cancelled,250,180,43,1.7
6731,107,2022-05-19,07:00:00,No-Show,50,108,12,1.3
6732,14,2022-05-19,06:00:00,Cancelled,250,106,9,1.8
6733,71,2020-05-19,09:00:00,Cancelled,500,145,30,1.2
6734,69,2022-05-19,13:00:00,Completed,100,97,27,2.0
6735,74,2022-05-19,17:00:00,Completed,50,92,37,2.4
6736,119,2019-05-19,17:00:00,Completed,100,88,25,2.0
6737,43,2019-05-19,08:00:00,Completed,500,81,5,2.0
6738,106,2019-05-19,11:00:00,Completed,100,112,9,1.3
6739,3,2021-05-19,15:00:00,Completed,500,45,36,2.3
6740,117,2021-05-19,07:00:00,Completed,50,119,19,1.8
6741,43,2021-05-19,18:00:00,Completed,50,70,24,2.2
6742,112,2019-05-20,13:00:00,No-Show,250,110,36,1.4
6743,114,2021-05-20,06:00:00,Completed,250,130,38,2.2
6744,120,2020-05-20,07:00:00,Completed,50,82,31,2.3
6745,37,2021-05-20,11:00:00,Completed,50,107,41,2.1
6746,107,2021-05-20,11:00:00,Completed,50,94,29,2.0
6747,71,2020-05-20,16:00:00,No-Show,500,179,16,1.4
6748,90,2020-05-20,11:00:00,Completed,500,115,24,1.3
6749,149,2022-05-20,14:00:00,No-Show,250,76,32,2.2
6750,146,2019-05-20,18:00:00,Completed,250,73,5,1.7
6751,38,2020-05-20,13:00:00,No-Show,100,178,23,1.9
6752,42,2020-05-20,10:00:00,Completed,250,61,23,1.0
6753,11,2021-05-20,09:00:00,Completed,50,58,36,1.5
6754,107,2021-05-20,11:00:00,No-Show,50,57,21,1.2
6755,125,2020-05-21,16:00:00,Cancelled,100,67,22,1.2
6756,51,2021-05-21,12:00:00,Cancelled,50,119,19,1.0
6757,91,2020-05-21,09:00:00,No-Show,500,153,30,2.5
6758,26,2021-05-21,10:00:00,Completed,250,89,41,1.7
6759,83,2021-05-21,18:00:00,Cancelled,100,96,21,1.2
6760,138,2021-05-21,09:00:00,Completed,250,66,24,1.8
6761,115,2020-05-21,14:00:00,Completed,500,156,11,1.2
6762,110,2019-05-21,17:00:00,Completed,250,164,27,1.6
6763,104,2019-05-21,12:00:00,Completed,50,51,31,1.1
6764,36,2020-05-21,15:00:00,Completed,100,176,28,1.2
6765,136,2021-05-21,15:00:00,Completed,50,145,13,1.6
6766,2,2020-05-21,13:00:00,Cancelled,500,58,10,1.1
6767,86,2021-05-22,15:00:00,Completed,250,168,26,2.3
6768,32,2022-05-22,17:00:00,Cancelled,50,97,38,1.2
6769,123,2022-05-22,08:00:00,Completed,100,122,45,1.5
6770,2,2020-05-22,18:00:00,Completed,100,74,9,1.0
6771,31,2022-05-22,14:00:00,Completed,100,97,11,1.7
6772,126,2022-05-22,13:00:00,Completed,50,76,24,1.6
6773,48,2022-05-22,09:00:00,Cancelled,250,157,44,1.2
6774,38,2020-05-22,16:00:00,Completed,100,81,20,1.3
6775,136,2022-05-22,09:00:00,Completed,500,119,23,2.0
6776,95,2020-05-23,16:00:00,Completed,500,143,11,1.7
6777,105,2019-05-23,08:00:00,Completed,250,162,12,1.8
6778,3,2021-05-23,15:00:00,Completed,50,158,7,2.4
6779,91,2021-05-23,08:00:00,Completed,500,115,5,2.5
6780,92,2020-05-23,14:00:00,Cancelled,100,134,38,1.6
6781,17,2022-05-23,08:00:00,No-Show,100,135,41,1.5
6782,36,2021-05-23,10:00:00,No-Show,250,145,9,2.4
6783,120,2019-05-23,12:00:00,Completed,100,174,38,1.4
6784,83,2021-05-23,15:00:00,Cancelled,250,148,9,1.1
6785,41,2021-05-23,09:00:00,Completed,50,172,35,1.5
6786,60,2021-05-23,18:00:00,No-Show,100,71,16,2.1
6787,143,2019-05-23,18:00:00,Completed,50,60,44,1.4
6788,10,2022-05-23,17:00:00,Completed,500,140,43,1.9
6789,8,2022-05-23,08:00:00,Completed,50,160,29,1.2
6790,147,2021-05-23,14:00:00,Completed,100,109,36,1.7
6791,58,2019-05-24,09:00:00,No-Show,100,156,38,2.2
6792,50,2019-05-24,07:00:00,Cancelled,50,69,18,1.0
6793,36,2021-05-24,06:00:00,Completed,500,63,26,1.3
6794,132,2020-05-24,13:00:00,Completed,100,166,37,1.5
6795,144,2022-05-24,08:00:00,Completed,500,154,45,1.6
6796,19,2022-05-24,15:00:00,Completed,100,177,24,1.2
6797,124,2020-05-24,09:00:00,Completed,250,50,19,2.2
6798,75,2019-05-24,10:00:00,Completed,250,62,15,2.5
6799,20,2019-05-24,14:00:00,Cancelled,100,177,44,1.8
6800,99,2022-05-24,15:00:00,Completed,50,165,21,2.0
6801,9,2022-05-24,11:00:00,Completed,250,96,26,2.3
6802,16,2022-05-24,08:00:00,Completed,250,60,20,1.7
6803,89,2020-05-25,07:00:00,Completed,50,167,13,1.4
6804,11,2019-05-25,07:00:00,Completed,500,174,19,2.0
6805,107,2020-05-25,13:00:00,Completed,100,50,8,1.0
6806,51,2019-05-25,14:00:00,Cancelled,500,49,40,1.7
6807,96,2019-05-25,18:00:00,Completed,100,155,32,1.8
6808,30,2020-05-25,13:00:00,Completed,250,135,17,1.5
6809,15,2020-05-25,09:00:00,Completed,50,47,19,1.6
6810,134,2019-05-25,15:00:00,Completed,50,108,8,1.1
6811,109,2020-05-26,08:00:00,Completed,50,125,27,1.9
6812,63,2022-05-26,10:00:00,Completed,500,167,12,2.0
6813,20,2021-05-26,10:00:00,Cancelled,100,171,27,2.3
6814,57,2019-05-26,13:00:00,No-Show,250,138,40,1.4
6815,63,2021-05-26,14:00:00,Completed,250,173,11,1.1
6816,102,2020-05-26,17:00:00,Cancelled,500,116,10,1.3
6817,36,2020-05-26,14:00:00,Completed,250,98,12,1.6
6818,37,2021-05-26,06:00:00,Completed,500,161,12,1.0
6819,9,2022-05-26,10:00:00,Completed,500,121,10,1.1
6820,143,2022-05-26,13:00:00,Completed,500,143,33,1.1
6821,142,2019-05-27,08:00:00,No-Show,500,58,24,1.0
6822,90,2022-05-27,06:00:00,Cancelled,250,112,42,1.3
6823,8,2022-05-27,11:00:00,No-Show,500,154,8,2.2
6824,138,2022-05-27,12:00:00,No-Show,250,163,32,1.9
6825,146,2020-05-27,18:00:00,Cancelled,250,86,29,1.7
6826,61,2021-05-27,08:00:00,Completed,250,115,10,2.5
6827,135,2021-05-27,10:00:00,Completed,500,54,44,1.4
6828,69,2022-05-27,16:00:00,Completed,50,76,24,1.9
6829,83,2019-05-27,10:00:00,Completed,500,163,6,1.7
6830,116,2020-05-27,06:00:00,Completed,500,100,31,1.1
6831,21,2020-05-27,10:00:00,Cancelled,250,61,33,1.3
6832,67,2022-05-28,13:00:00,Completed,100,89,14,2.3
6833,13,2022-05-28,09:00:00,Completed,50,92,37,2.3
6834,149,2019-05-28,11:00:00,Completed,100,60,21,2.5
6835,5,2020-05-28,16:00:00,Completed,50,105,27,1.2
6836,126,2021-05-28,13:00:00,Completed,50,105,18,1.5
6837,140,2021-05-28,16:00:00,Completed,50,154,23,1.2
6838,84,2021-05-28,15:00:00,Completed,250,149,28,1.7
6839,76,2019-05-28,15:00:00,Completed,100,139,7,1.4
6840,39,2021-05-28,15:00:00,Completed,50,99,25,1.8
6841,127,2022-05-28,18:00:00,Cancelled,250,100,29,2.2
6842,9,2020-05-28,16:00:00,No-Show,100,142,10,2.4
6843,58,2022-05-28,15:00:00,Cancelled,500,76,38,2.2
6844,131,2020-05-29,14:00:00,Completed,250,113,17,2.3
6845,76,2020-05-29,09:00:00,Completed,100,137,19,1.7
6846,30,2021-05-29,17:00:00,Completed,500,149,28,1.1
6847,144,2020-05-29,14:00:00,Completed,250,168,43,1.3
6848,104,2019-05-29,09:00:00,Cancelled,100,107,31,2.0
6849,36,2022-05-29,15:00:00,Completed,250,132,25,1.2
6850,101,2022-05-29,12:00:00,Cancelled,100,171,45,2.3
6851,51,2019-05-29,08:00:00,Completed,50,87,12,1.6
6852,138,2022-05-29,17:00:00,Completed,50,77,7,2.3
6853,7,2021-05-29,17:00:00,Completed,50,78,37,2.3
6854,96,2020-05-29,12:00:00,Completed,100,147,40,1.4
6855,76,2022-05-29,07:00:00,Completed,250,72,7,1.1
6856,91,2022-05-29,13:00:00,Completed,500,156,23,2.1
6857,35,2020-05-29,17:00:00,Completed,50,83,5,1.9
6858,95,2022-05-29,16:00:00,No-Show,500,142,25,1.7
6859,25,2022-05-30,09:00:00,Completed,500,132,8,1.8
6860,131,2019-05-30,15:00:00,Cancelled,500,118,25,1.6
6861,46,2020-05-30,08:00:00,Completed,100,155,38,1.4
6862,81,2022-05-30,07:00:00,Completed,250,87,12,1.4
6863,121,2021-05-30,13:00:00,Completed,100,118,21,2.5
6864,28,2020-05-30,09:00:00,No-Show,250,81,11,1.3
6865,127,2021-05-30,18:00:00,Completed,50,55,39,1.8
6866,50,2019-05-30,06:00:00,Completed,50,139,18,1.4
6867,147,2019-05-30,12:00:00,No-Show,500,178,13,2.2
6868,76,2021-05-30,07:00:00,No-Show,50,158,32,1.7
6869,23,2022-05-30,08:00:00,Completed,50,135,10,2.1
6870,57,2019-05-30,17:00:00,Completed,250,85,37,1.5
6871,128,2019-05-31,16:00:00,Completed,250,54,32,1.2
6872,130,2022-05-31,11:00:00,Completed,50,47,20,1.2
6873,141,2019-05-31,09:00:00,No-Show,100,112,35,1.2
6874,48,2021-05-31,17:00:00,Completed,250,78,17,2.0
6875,23,2019-05-31,14:00:00,No-Show,100,45,32,1.1
6876,139,2022-05-31,15:00:00,Completed,100,54,31,2.0
6877,142,2020-05-31,16:00:00,Cancelled,100,134,35,1.8
6878,47,2020-05-31,10:00:00,Completed,250,169,36,2.2
6879,97,2022-05-31,15:00:00,Completed,500,120,11,1.3
6880,74,2021-05-31,12:00:00,Completed,250,108,32,1.2
6881,115,2020-05-31,11:00:00,No-Show,50,133,30,2.1
6882,120,2021-05-31,18:00:00,Completed,500,105,6,1.4
6883,126,2019-05-31,09:00:00,Completed,50,127,21,2.0
6884,102,2021-05-31,12:00:00,Completed,500,147,21,2.4
6885,69,2019-05-31,13:00:00,No-Show,100,131,45,2.2
6886,111,2020-06-01,12:00:00,Completed,100,97,45,1.2
6887,85,2022-06-01,08:00:00,Cancelled,50,50,29,1.1
6888,86,2019-06-01,11:00:00,Cancelled,50,57,38,1.3
6889,134,2021-06-01,09:00:00,Completed,500,103,23,2.2
6890,140,2020-06-01,11:00:00,Completed,100,108,5,1.1
6891,6,2019-06-01,18:00:00,Cancelled,50,173,30,2.2
6892,11,2022-06-01,08:00:00,Completed,250,51,19,1.9
6893,64,2022-06-01,06:00:00,Completed,50,141,30,1.2
6894,70,2021-06-01,07:00:00,Completed,50,174,31,1.0
6895,135,2021-06-01,15:00:00,Completed,50,145,17,2.2
6896,80,2020-06-01,18:00:00,Completed,500,176,6,1.5
6897,114,2019-06-01,09:00:00,Completed,250,165,29,1.4
6898,57,2021-06-02,12:00:00,Cancelled,250,168,23,2.4
6899,133,2019-06-02,14:00:00,Completed,500,49,36,2.1
6900,140,2019-06-02,18:00:00,Cancelled,50,160,19,1.9
6901,7,2019-06-02,12:00:00,Completed,500,139,35,1.8
6902,80,2019-06-02,11:00:00,Completed,50,69,40,1.3
6903,122,2021-06-02,15:00:00,Completed,50,81,30,1.9
6904,118,2020-06-02,14:00:00,No-Show,100,60,36,1.4
6905,80,2020-06-02,17:00:00,Completed,100,54,25,2.0
6906,101,2019-06-02,06:00:00,Completed,100,170,39,1.7
6907,83,2020-06-03,13:00:00,No-Show,500,176,40,2.3
6908,21,2019-06-03,07:00:00,Completed,50,141,13,2.1
6909,42,2019-06-03,14:00:00,No-Show,50,87,17,1.7
6910,30,2022-06-03,06:00:00,Completed,500,88,45,2.2
6911,121,2020-06-03,08:00:00,No-Show,500,147,5,1.4
6912,108,2020-06-03,10:00:00,No-Show,250,178,25,1.9
6913,140,2021-06-03,15:00:00,No-Show,100,81,23,1.8
6914,53,2022-06-03,18:00:00,Cancelled,250,177,43,1.4
6915,115,2022-06-03,09:00:00,Completed,100,87,38,2.1
6916,118,2019-06-03,06:00:00,Completed,500,90,14,1.7
6917,2,2021-06-03,10:00:00,No-Show,100,96,11,1.8
6918,25,2021-06-04,06:00:00,Cancelled,500,85,9,1.5
6919,144,2019-06-04,09:00:00,Completed,50,94,22,1.4
6920,106,2022-06-04,15:00:00,No-Show,250,139,44,2.2
6921,66,2019-06-04,14:00:00,Cancelled,100,64,42,1.2
6922,56,2020-06-04,10:00:00,Completed,250,71,13,2.2
6923,151,2020-06-04,16:00:00,Completed,250,115,44,2.0
6924,118,2022-06-04,09:00:00,Completed,50,104,18,1.1
6925,38,2020-06-04,08:00:00,Completed,500,45,25,1.1
6926,14,2020-06-04,08:00:00,Cancelled,500,153,35,1.5
6927,125,2021-06-04,18:00:00,Completed,100,145,29,2.2
6928,118,2020-06-04,11:00:00,Completed,250,180,10,2.3
6929,55,2021-06-04,08:00:00,No-Show,250,81,32,1.8
6930,122,2021-06-04,17:00:00,Completed,50,156,27,1.3
6931,116,2019-06-05,18:00:00,No-Show,250,153,18,1.9
6932,49,2021-06-05,12:00:00,Completed,100,47,17,1.7
6933,131,2021-06-05,09:00:00,Completed,250,129,11,2.4
6934,65,2020-06-05,14:00:00,Completed,250,53,22,2.0
6935,98,2022-06-05,06:00:00,No-Show,250,115,45,1.1
6936,147,2019-06-05,06:00:00,No-Show,500,161,36,1.3
6937,136,2021-06-05,18:00:00,Completed,50,139,6,1.9
6938,40,2020-06-05,17:00:00,No-Show,100,78,10,1.6
6939,31,2021-06-05,06:00:00,Completed,50,125,11,2.3
6940,72,2019-06-05,09:00:00,No-Show,50,130,25,2.3
6941,44,2020-06-05,15:00:00,No-Show,250,177,5,2.4
6942,100,2021-06-05,12:00:00,No-Show,50,61,17,2.2
6943,125,2020-06-05,08:00:00,No-Show,250,66,16,1.7
6944,51,2022-06-06,17:00:00,Cancelled,500,89,45,2.1
6945,1,2019-06-06,10:00:00,Completed,250,75,26,1.7
6946,23,2021-06-06,15:00:00,Completed,50,74,10,1.3
6947,23,2022-06-06,08:00:00,Completed,50,88,5,1.3
6948,140,2022-06-06,13:00:00,Completed,100,123,17,2.1
6949,34,2022-06-06,10:00:00,Completed,500,118,16,1.4
6950,145,2020-06-06,11:00:00,Completed,100,93,22,2.3
6951,46,2022-06-06,10:00:00,Completed,500,112,10,1.7
6952,149,2019-06-06,11:00:00,Completed,500,88,7,2.4
6953,150,2021-06-06,12:00:00,Completed,100,156,27,2.0
6954,74,2022-06-06,09:00:00,Completed,250,68,37,2.2
6955,67,2019-06-06,09:00:00,Completed,250,53,12,1.8
6956,118,2022-06-07,08:00:00,Completed,250,140,41,1.6
6957,151,2021-06-07,06:00:00,Completed,50,136,5,1.2
6958,118,2021-06-07,11:00:00,Completed,50,92,27,1.5
6959,116,2021-06-07,14:00:00,Completed,50,157,44,1.7
6960,148,2019-06-07,17:00:00,Completed,500,166,20,1.4
6961,140,2022-06-07,15:00:00,Completed,500,147,24,1.1
6962,60,2022-06-07,18:00:00,Cancelled,50,152,32,2.2
6963,148,2021-06-07,12:00:00,Cancelled,50,86,37,1.2
6964,77,2019-06-07,15:00:00,No-Show,100,80,13,2.0
6965,14,2019-06-07,07:00:00,Completed,100,133,34,1.6
6966,1,2021-06-08,16:00:00,Completed,100,89,24,1.5
6967,48,2021-06-08,09:00:00,Completed,500,68,20,1.2
6968,139,2020-06-08,18:00:00,Completed,50,167,15,1.5
6969,117,2022-06-08,14:00:00,No-Show,500,99,35,2.0
6970,115,2021-06-08,17:00:00,Completed,50,144,13,1.5
6971,35,2020-06-08,12:00:00,Completed,250,153,43,1.6
6972,19,2021-06-08,11:00:00,Completed,50,101,43,1.3
6973,61,2020-06-08,11:00:00,Completed,250,173,5,1.9
6974,98,2022-06-08,07:00:00,No-Show,100,80,36,1.3
6975,55,2022-06-08,10:00:00,Completed,50,131,29,2.0
6976,105,2022-06-08,08:00:00,Completed,250,144,35,1.1
6977,104,2020-06-08,08:00:00,Completed,500,177,11,1.7
6978,22,2022-06-08,11:00:00,No-Show,50,148,5,1.2
6979,33,2020-06-08,15:00:00,Cancelled,500,161,5,1.7
6980,99,2022-06-08,12:00:00,Completed,250,153,21,2.1
6981,112,2022-06-09,14:00:00,Completed,500,130,39,2.5
6982,29,2021-06-09,18:00:00,Completed,500,143,10,1.2
6983,87,2020-06-09,17:00:00,Cancelled,250,95,37,2.2
6984,113,2019-06-09,12:00:00,Completed,500,117,7,1.2
6985,122,2021-06-09,13:00:00,Completed,50,139,21,1.6
6986,76,2022-06-09,18:00:00,Completed,250,90,23,1.5
6987,5,2021-06-09,13:00:00,Completed,250,54,43,1.2
6988,10,2020-06-09,14:00:00,No-Show,500,108,16,1.1
6989,25,2021-06-09,08:00:00,No-Show,100,171,32,2.3
6990,114,2021-06-10,17:00:00,Cancelled,100,179,41,1.7
6991,20,2022-06-10,11:00:00,Completed,50,82,43,2.5
6992,26,2021-06-10,12:00:00,Cancelled,50,131,45,2.1
6993,105,2019-06-10,12:00:00,Completed,100,110,10,2.3
6994,107,2022-06-10,07:00:00,Completed,250,122,44,1.8
6995,63,2019-06-10,17:00:00,Completed,250,166,18,2.1
6996,108,2019-06-10,10:00:00,No-Show,100,115,37,2.0
6997,99,2021-06-10,08:00:00,No-Show,250,114,5,1.6
6998,5,2020-06-10,18:00:00,Completed,100,115,22,1.7
6999,82,2019-06-10,07:00:00,Completed,100,49,25,1.3
7000,74,2019-06-10,17:00:00,No-Show,500,152,45,1.9
7001,135,2021-06-10,12:00:00,Completed,50,132,26,1.5
7002,110,2022-06-10,08:00:00,Completed,500,98,39,2.0
7003,66,2022-06-11,12:00:00,Completed,50,169,40,2.5
7004,22,2021-06-11,09:00:00,No-Show,250,122,23,2.1
7005,112,2020-06-11,16:00:00,Completed,50,84,44,1.9
7006,91,2020-06-11,15:00:00,Completed,500,50,23,1.8
7007,122,2019-06-11,09:00:00,Completed,100,141,43,2.4
7008,32,2020-06-11,07:00:00,Completed,100,99,12,1.9
7009,46,2019-06-11,08:00:00,No-Show,500,149,27,2.1
7010,104,2021-06-11,15:00:00,Completed,250,137,45,1.2
7011,82,2019-06-11,14:00:00,Cancelled,500,102,30,1.7
7012,115,2019-06-11,10:00:00,Completed,100,90,30,1.4
7013,133,2022-06-11,11:00:00,Completed,100,70,29,1.9
7014,104,2020-06-11,12:00:00,Completed,100,52,44,1.3
7015,125,2019-06-11,07:00:00,Cancelled,500,50,25,1.9
7016,43,2019-06-11,15:00:00,No-Show,500,68,28,1.0
7017,138,2019-06-12,14:00:00,Completed,100,162,28,2.1
7018,62,2022-06-12,08:00:00,Completed,100,127,13,1.4
7019,8,2022-06-12,09:00:00,Cancelled,500,162,20,2.0
7020,110,2020-06-12,09:00:00,Completed,500,173,12,2.2
7021,85,2022-06-12,08:00:00,Completed,500,62,5,2.1
7022,101,2021-06-12,14:00:00,Completed,500,63,31,2.4
7023,134,2019-06-12,07:00:00,No-Show,50,157,35,2.2
7024,16,2020-06-12,10:00:00,Completed,50,138,30,2.1
7025,127,2022-06-12,16:00:00,No-Show,500,154,12,1.2
7026,68,2020-06-12,18:00:00,Cancelled,50,88,28,1.6
7027,87,2021-06-12,08:00:00,Completed,500,98,21,1.1
7028,19,2022-06-12,13:00:00,No-Show,500,107,21,1.5
7029,110,2019-06-12,11:00:00,Completed,250,115,43,1.1
7030,36,2021-06-12,08:00:00,Cancelled,250,51,19,2.3
7031,75,2022-06-13,10:00:00,No-Show,100,123,35,2.1
7032,76,2019-06-13,08:00:00,No-Show,100,82,43,1.4
7033,143,2019-06-13,10:00:00,No-Show,100,52,18,1.9
7034,38,2020-06-13,15:00:00,Completed,250,138,37,2.1
7035,129,2021-06-13,12:00:00,Completed,100,133,14,1.9
7036,125,2022-06-13,11:00:00,Cancelled,250,141,36,2.0
7037,131,2020-06-13,13:00:00,Completed,500,142,5,2.0
7038,17,2020-06-13,11:00:00,Completed,250,97,19,1.2
7039,31,2019-06-13,16:00:00,Completed,250,172,34,1.9
7040,4,2021-06-13,17:00:00,Cancelled,100,96,28,2.0
7041,99,2019-06-13,16:00:00,Completed,250,174,9,1.4
7042,133,2020-06-13,17:00:00,Cancelled,50,59,33,1.9
7043,64,2020-06-13,09:00:00,Completed,100,107,19,2.0
7044,46,2020-06-14,06:00:00,Cancelled,250,116,10,2.1
7045,17,2019-06-14,08:00:00,Cancelled,250,60,18,1.3
7046,150,2020-06-14,18:00:00,Cancelled,500,163,11,1.8
7047,14,2019-06-14,11:00:00,No-Show,50,95,35,1.2
7048,22,2019-06-14,13:00:00,Completed,50,100,43,1.7
7049,146,2022-06-14,06:00:00,Cancelled,500,73,33,2.2
7050,50,2019-06-14,15:00:00,No-Show,500,45,21,2.1
7051,70,2022-06-14,13:00:00,No-Show,100,129,37,1.7
7052,73,2019-06-14,16:00:00,Completed,250,108,26,1.4
7053,144,2021-06-14,14:00:00,Completed,500,73,16,1.7
7054,82,2021-06-14,14:00:00,Completed,500,86,16,1.1
7055,107,2022-06-14,16:00:00,Completed,50,158,26,2.0
7056,134,2020-06-14,08:00:00,Completed,50,104,18,1.5
7057,79,2021-06-14,11:00:00,Cancelled,500,71,24,2.4
7058,54,2021-06-14,15:00:00,No-Show,100,127,15,1.3
7059,44,2021-06-15,08:00:00,Cancelled,100,128,38,2.5
7060,103,2019-06-15,18:00:00,No-Show,250,103,21,1.7
7061,78,2021-06-15,11:00:00,Completed,250,130,27,2.2
7062,81,2021-06-15,13:00:00,Completed,500,145,31,1.0
7063,100,2022-06-15,06:00:00,Completed,250,80,34,2.2
7064,5,2019-06-15,17:00:00,Completed,100,110,23,2.2
7065,7,2021-06-15,11:00:00,Completed,500,128,40,1.8
7066,52,2019-06-15,18:00:00,Completed,500,115,11,1.1
7067,42,2022-06-15,11:00:00,No-Show,500,165,7,2.2
7068,96,2019-06-15,17:00:00,No-Show,500,108,22,2.5
7069,151,2019-06-15,12:00:00,Completed,50,59,45,1.5
7070,134,2022-06-15,11:00:00,Completed,250,73,35,1.2
7071,19,2022-06-15,11:00:00,No-Show,500,83,14,1.9
7072,147,2022-06-15,09:00:00,Cancelled,50,157,20,1.5
7073,139,2022-06-16,14:00:00,Completed,50,80,9,2.3
7074,81,2022-06-16,11:00:00,Completed,100,92,25,1.7
7075,114,2019-06-16,11:00:00,Completed,100,111,21,1.9
7076,6,2021-06-16,08:00:00,Completed,500,154,30,2.2
7077,13,2021-06-16,14:00:00,Completed,250,49,41,1.7
7078,9,2022-06-16,14:00:00,Completed,500,117,41,1.5
7079,18,2021-06-16,17:00:00,Completed,50,73,39,1.2
7080,128,2021-06-16,07:00:00,Cancelled,500,93,9,2.2
7081,107,2019-06-16,10:00:00,Completed,500,83,26,1.1
7082,148,2021-06-16,11:00:00,Completed,500,50,30,1.9
7083,2,2022-06-16,15:00:00,Completed,50,47,19,1.5
7084,39,2020-06-16,10:00:00,Completed,250,162,17,2.2
7085,148,2020-06-17,08:00:00,Completed,100,97,24,1.3
7086,7,2021-06-17,14:00:00,Cancelled,50,77,39,1.5
7087,18,2022-06-17,11:00:00,Completed,100,98,17,1.5
7088,105,2021-06-17,10:00:00,Completed,100,135,6,1.2
7089,109,2019-06-17,07:00:00,Completed,50,158,18,1.6
7090,111,2019-06-17,13:00:00,Completed,100,97,29,1.9
7091,32,2021-06-17,07:00:00,Completed,50,86,18,1.2
7092,122,2022-06-17,17:00:00,Cancelled,250,126,31,1.3
7093,24,2019-06-17,18:00:00,Cancelled,250,167,21,1.8
7094,113,2022-06-17,06:00:00,Completed,500,152,30,2.4
7095,26,2021-06-17,11:00:00,Completed,250,61,32,2.4
7096,77,2022-06-17,09:00:00,No-Show,50,144,35,1.0
7097,71,2021-06-17,17:00:00,No-Show,250,56,14,2.3
7098,145,2020-06-18,06:00:00,Completed,100,80,35,2.1
7099,16,2019-06-18,15:00:00,Completed,250,140,44,1.6
7100,41,2019-06-18,12:00:00,Completed,100,177,14,2.1
7101,47,2022-06-18,11:00:00,Completed,100,52,36,1.3
7102,100,2022-06-18,16:00:00,Completed,250,127,6,2.2
7103,85,2020-06-18,06:00:00,Completed,50,81,31,1.1
7104,141,2021-06-18,18:00:00,Cancelled,100,85,11,1.0
7105,58,2021-06-18,07:00:00,Completed,50,73,35,1.7
7106,103,2019-06-18,14:00:00,Completed,100,45,24,1.7
7107,66,2022-06-18,08:00:00,Completed,250,69,35,1.7
7108,33,2022-06-19,09:00:00,Cancelled,100,81,19,2.0
7109,25,2019-06-19,17:00:00,Completed,250,71,20,1.3
7110,48,2020-06-19,17:00:00,No-Show,250,129,34,2.0
7111,130,2019-06-19,14:00:00,Cancelled,250,78,25,1.6
7112,38,2019-06-19,15:00:00,No-Show,50,143,45,1.1
7113,51,2019-06-19,08:00:00,Completed,100,53,20,1.2
7114,83,2020-06-19,06:00:00,Cancelled,500,168,27,1.3
7115,148,2020-06-19,12:00:00,Completed,100,161,44,1.4
7116,109,2021-06-19,07:00:00,No-Show,250,176,26,1.5
7117,48,2020-06-19,10:00:00,Completed,500,161,11,2.0
7118,88,2019-06-19,18:00:00,Cancelled,250,61,28,1.6
7119,136,2022-06-20,08:00:00,Completed,100,162,12,1.2
7120,76,2019-06-20,08:00:00,Completed,250,160,32,1.8
7121,22,2019-06-20,14:00:00,Completed,500,175,17,1.2
7122,57,2021-06-20,18:00:00,Completed,100,135,38,1.9
7123,39,2019-06-20,15:00:00,Cancelled,50,137,39,1.3
7124,132,2019-06-20,08:00:00,Completed,100,70,15,2.0
7125,58,2022-06-20,18:00:00,No-Show,100,153,17,1.4
7126,99,2021-06-20,10:00:00,Completed,500,166,34,1.5
7127,1,2022-06-21,07:00:00,Completed,250,98,44,1.9
7128,18,2022-06-21,06:00:00,Completed,100,81,35,2.2
7129,63,2022-06-21,12:00:00,Completed,500,145,42,1.3
7130,90,2019-06-21,07:00:00,Completed,250,80,30,1.2
7131,150,2021-06-21,16:00:00,Completed,100,158,14,2.0
7132,84,2019-06-21,06:00:00,No-Show,50,178,24,1.8
7133,117,2019-06-21,09:00:00,No-Show,500,121,12,1.8
7134,113,2019-06-21,08:00:00,Completed,250,114,7,1.6
7135,66,2022-06-21,07:00:00,No-Show,500,154,42,1.3
7136,121,2021-06-21,18:00:00,Completed,100,178,11,1.1
7137,93,2021-06-21,09:00:00,No-Show,500,155,31,1.1
7138,27,2020-06-21,18:00:00,Completed,250,109,45,1.8
7139,65,2019-06-22,11:00:00,Completed,50,70,36,1.4
7140,123,2020-06-22,09:00:00,Cancelled,500,113,11,2.5
7141,121,2022-06-22,14:00:00,Cancelled,500,177,29,1.1
7142,28,2022-06-22,15:00:00,No-Show,50,69,12,2.5
7143,62,2019-06-22,11:00:00,Cancelled,500,145,7,1.5
7144,109,2021-06-22,13:00:00,Cancelled,50,147,45,2.1
7145,107,2021-06-22,16:00:00,Completed,100,91,6,1.9
7146,85,2019-06-22,07:00:00,Completed,500,52,34,2.3
7147,65,2022-06-22,11:00:00,No-Show,250,135,20,1.4
7148,13,2019-06-22,11:00:00,Completed,250,86,18,1.8
7149,137,2020-06-22,16:00:00,Completed,500,134,16,2.3
7150,23,2019-06-22,11:00:00,Completed,100,126,24,1.2
7151,24,2022-06-22,16:00:00,Completed,250,172,45,1.3
7152,142,2020-06-22,09:00:00,Completed,500,134,26,2.2
7153,41,2019-06-23,08:00:00,Completed,50,73,17,1.9
7154,126,2021-06-23,17:00:00,No-Show,250,90,30,1.9
7155,20,2019-06-23,09:00:00,Completed,50,148,21,1.2
7156,88,2020-06-23,14:00:00,Completed,500,79,29,1.2
7157,76,2021-06-23,15:00:00,Cancelled,50,127,19,1.7
7158,11,2019-06-23,09:00:00,Cancelled,100,115,6,1.7
7159,57,2022-06-23,09:00:00,Completed,500,100,14,1.0
7160,63,2021-06-23,06:00:00,Cancelled,500,157,31,1.8
7161,146,2022-06-23,09:00:00,Completed,100,177,42,1.6
7162,148,2021-06-23,12:00:00,No-Show,250,138,21,1.6
7163,94,2021-06-23,09:00:00,Completed,250,64,13,1.5
7164,64,2022-06-23,18:00:00,Cancelled,100,69,37,2.1
7165,134,2020-06-23,11:00:00,Completed,100,134,40,2.2
7166,116,2022-06-24,10:00:00,Cancelled,50,162,44,1.7
7167,152,2020-06-24,12:00:00,Completed,100,50,40,1.7
7168,15,2019-06-24,11:00:00,Completed,100,61,27,1.1
7169,71,2022-06-24,15:00:00,Completed,50,170,32,2.1
7170,35,2022-06-24,12:00:00,Completed,500,124,39,2.0
7171,78,2022-06-24,11:00:00,Completed,500,81,39,2.5
7172,151,2022-06-24,11:00:00,Completed,50,136,42,1.2
7173,19,2020-06-24,15:00:00,Completed,500,86,17,1.4
7174,46,2021-06-24,08:00:00,Completed,500,75,26,1.1
7175,100,2021-06-24,15:00:00,No-Show,500,149,29,2.0
7176,36,2022-06-24,11:00:00,Completed,50,124,27,1.3
7177,65,2021-06-25,13:00:00,Completed,100,111,30,1.3
7178,90,2019-06-25,16:00:00,No-Show,50,131,33,2.1
7179,131,2020-06-25,10:00:00,Completed,50,60,28,1.1
7180,1,2022-06-25,14:00:00,Completed,50,128,29,1.5
7181,146,2020-06-25,15:00:00,Completed,50,89,17,2.0
7182,124,2022-06-25,08:00:00,Cancelled,100,133,11,2.3
7183,40,2020-06-25,15:00:00,Completed,100,157,16,1.8
7184,110,2022-06-25,06:00:00,Cancelled,50,75,24,2.4
7185,28,2020-06-25,11:00:00,No-Show,100,177,15,2.4
7186,124,2021-06-25,09:00:00,Cancelled,100,131,34,2.4
7187,137,2020-06-25,12:00:00,Completed,50,61,26,1.4
7188,37,2021-06-25,09:00:00,Completed,100,148,7,1.5
7189,119,2020-06-25,18:00:00,No-Show,50,178,10,2.0
7190,83,2022-06-25,14:00:00,Cancelled,500,96,23,1.5
7191,51,2020-06-26,10:00:00,No-Show,500,148,32,1.6
7192,122,2019-06-26,06:00:00,Completed,50,127,40,1.7
7193,96,2021-06-26,10:00:00,Completed,250,59,38,2.2
7194,49,2022-06-26,07:00:00,Completed,100,125,8,1.8
7195,13,2020-06-26,10:00:00,Completed,100,135,39,1.1
7196,108,2020-06-26,17:00:00,Cancelled,100,175,28,2.0
7197,12,2021-06-26,09:00:00,Completed,500,92,19,2.1
7198,19,2019-06-26,17:00:00,Completed,500,97,41,2.0
7199,4,2021-06-26,06:00:00,Completed,100,74,23,1.0
7200,62,2020-06-26,16:00:00,Completed,100,144,19,1.6
7201,99,2019-06-26,06:00:00,Completed,100,108,44,2.0
7202,105,2020-06-26,16:00:00,Cancelled,250,97,22,1.6
7203,3,2020-06-26,12:00:00,Completed,500,116,17,2.2
7204,121,2019-06-26,10:00:00,Cancelled,50,146,7,2.0
7205,111,2019-06-26,08:00:00,No-Show,100,63,45,1.2
7206,122,2021-06-27,07:00:00,Completed,250,87,21,2.4
7207,98,2020-06-27,10:00:00,Cancelled,250,117,41,1.4
7208,31,2021-06-27,12:00:00,Completed,50,172,17,1.2
7209,10,2021-06-27,13:00:00,Completed,50,73,19,1.1
7210,96,2022-06-27,08:00:00,Completed,50,106,32,1.9
7211,109,2022-06-27,17:00:00,Completed,500,55,37,2.2
7212,49,2022-06-27,18:00:00,Completed,250,56,41,1.0
7213,40,2022-06-27,11:00:00,Completed,100,134,34,1.3
7214,15,2021-06-27,12:00:00,Completed,100,119,37,1.1
7215,48,2022-06-27,16:00:00,Completed,250,157,6,2.3
7216,63,2019-06-28,15:00:00,Cancelled,250,86,14,1.8
7217,82,2021-06-28,06:00:00,Completed,50,149,38,1.8
7218,44,2021-06-28,17:00:00,Completed,250,54,14,2.4
7219,60,2021-06-28,06:00:00,Completed,50,59,29,2.2
7220,31,2021-06-28,09:00:00,No-Show,50,63,6,2.0
7221,118,2019-06-28,15:00:00,No-Show,500,117,44,1.6
7222,61,2021-06-28,16:00:00,Completed,250,133,45,1.7
7223,40,2020-06-28,13:00:00,Cancelled,250,102,14,1.4
7224,45,2022-06-28,12:00:00,Completed,100,139,6,1.6
7225,37,2020-06-29,06:00:00,Completed,500,103,30,1.2
7226,91,2020-06-29,09:00:00,Completed,500,151,34,2.1
7227,110,2020-06-29,12:00:00,Completed,250,131,25,2.0
7228,35,2020-06-29,17:00:00,Cancelled,100,107,18,2.1
7229,146,2021-06-29,09:00:00,No-Show,250,163,40,2.3
7230,101,2020-06-29,11:00:00,No-Show,250,99,30,1.2
7231,28,2020-06-29,14:00:00,No-Show,500,121,44,1.6
7232,52,2021-06-29,09:00:00,Completed,100,143,38,1.6
7233,110,2019-06-29,06:00:00,No-Show,100,143,41,2.0
7234,70,2019-06-29,17:00:00,No-Show,100,147,41,2.2
7235,51,2021-06-29,08:00:00,Completed,250,164,20,2.3
7236,34,2020-06-29,18:00:00,Completed,250,180,45,2.3